,Atmosphere,Food,Name,Service,Value
0,,50,The Pescatarian,50,45
1,,45,Trattoria SUD,50,45
2,45,50,Enomania,50,45
3,45,50,Geranium,45,45
4,,50,Garden Restaurant &amp; Bar,45,45
5,45,45,Frederiks Have,45,45
6,45,50,Studio - The Standard,50,45
7,,50,The Olive Kitchen &amp; Bar,50,45
8,,50,Cafe Komplet,50,45
9,,45,Basso Kobenhavn,45,45
10,45,45,Mielcke &amp; Hurtigkarl,45,45
11,,50,Trattoria l’Alba,45,45
12,,45,Souls,45,45
13,,50,Marv &amp; Ben,50,45
14,,50,Kokkeriet,50,45
15,45,50,Banana Joe,50,50
16,,50,Zahida at Kellerdirk,50,45
17,45,50,Grams Laekkerier,50,45
18,45,45,Husmann's Vinstue,50,45
19,,45,Restaurant Schonnemann,45,45
20,45,45,Restaurant Gronnegade,45,45
21,,50,Restaurant leaven,50,45
22,50,50,Sollerod Kro,50,45
23,45,45,Goomi,45,45
24,45,45,The Red Box,50,45
25,,50,Pizzeria Mamemi &amp; Wine Bar,50,45
26,40,45,Che Fe,45,45
27,,50,BODIL - et spisested,45,45
28,,45,Feed Bistro,45,45
29,45,50,Restaurant Krebsegaarden,50,45
30,45,45,Restaurant Cofoco,45,45
31,45,45,Restaurant Under Uret,50,45
32,45,45,Restaurant Amalie,45,45
33,50,45,KoD Copenhagen,45,45
34,45,45,Temporada Tapasbodega,45,45
35,45,45,Kadeau,45,40
36,45,45,Sporvejen,45,45
37,,50,Restaurant Nepali Bhancha,45,45
38,,45,Vaekst,45,40
39,,45,Chao Viet Kitchen,40,40
40,,45,Mad &amp; Kaffe,40,40
41,,40,Bastard Cafe,45,45
42,45,45,Kiin Kiin,45,45
43,45,45,Restaurant Schoennemann,45,40
44,45,45,Morgenstedet,40,45
45,45,45,Sankt Annae 8,45,45
46,50,45,Frenchy,50,45
47,,45,L'Enoteca di Mr. Brunello Restaurant &amp; Wine Shop,50,45
48,45,45,BENTO Restaurant &amp; Cocktail Bar,50,40
49,,45,KoD Vesterbro,45,45
50,45,45,Restaurant Radio,45,45
51,45,45,Kong Hans Kaelder,45,40
52,,45,Cafe Patina,50,45
53,,45,Souls Norreport,50,45
54,45,45,Restaurant Tight,45,45
55,,45,Hey Darling,45,45
56,45,45,Noma,50,40
57,,45,Madglad,40,45
58,45,45,Host,45,45
59,45,45,Khun Juk Oriental,45,45
60,,45,simpleRAW,45,40
61,40,45,Sticks'n'Sushi,45,40
62,,45,Sticks'n'Sushi,45,40
63,45,45,Asador,45,40
64,45,45,Cafe Gammel Torv,45,45
65,,50,Toto Vin &amp; Spisebar,45,45
66,45,45,Fuego,45,40
67,40,45,Aamanns Deli &amp; Take Away,45,40
68,,45,Ristorante Buono,45,45
69,45,45,Den Lille Fede Restaurant,45,45
70,45,45,Restaurant Koefoed,45,40
71,40,45,Pony,45,40
72,,45,Fleisch,45,40
73,,40,Palae Bar,45,45
74,40,45,Halifax Kobenhavn K,45,40
75,40,45,Aamanns Etablissement,45,40
76,,50,Punk Royale,45,50
77,,50,Bowl Market Copenhagen,45,45
78,45,45,Restaurant Ravelinen,45,45
79,40,45,Formel B,45,40
80,,45,Restaurant Palaegade,45,40
81,45,45,RetroGusto,45,45
82,,45,Stempel - Bar &amp; Kitchen,45,45
83,,45,Aamanns 1921,45,45
84,45,45,Era Ora,45,40
85,45,40,Black Swan,45,45
86,45,45,Chez Bruno,45,45
87,,40,Ravnsborg Kitchen &amp; Bar,35,40
88,40,45,Restaurant AOC,45,40
89,,45,Brace,45,40
90,,45,El Meson,45,40
91,40,45,Damindra,40,40
92,40,45,Restaurant Tio Marios,45,45
93,40,45,Sticks'n'Sushi,40,40
94,45,40,Mikkeller Bar,45,40
95,,45,Kompasset,45,40
96,45,40,Flottenheimer,40,40
97,,50,"Terra Urban Trattoria, Wine and Cocktail bar",50,45
98,45,45,El Viejo Mexico,45,40
99,50,45,56°,45,45
100,,45,Slurp Ramen Joint,45,45
101,40,40,Ristorante Italiano,40,40
102,,45,District Tonkin - Banh Mi,40,45
103,,50,Alchemist,50,45
104,45,45,Villa Vino,45,45
105,40,45,Le Pave,45,45
106,40,45,Cafe Lindevang,45,45
107,45,45,La Vita e Bella,45,45
108,45,45,Told&amp;Snaps,45,40
109,45,45,Restaurant Karla,45,40
110,40,45,Restaurant U Formel,40,40
111,,45,Sidecar,45,45
112,45,45,Reinwald's,45,45
113,40,45,Halifax,45,40
114,,45,Jurfood,50,45
115,45,45,Restaurant Kronborg,45,40
116,45,45,Ristorante Da Claudio,45,45
117,45,45,Amass,45,45
118,45,45,Restaurant Kanalen,40,40
119,,45,Lolly,50,45
120,45,45,District Tonkin,40,45
121,,45,Mondan,45,45
122,,50,Selma,50,50
123,45,45,Marchal,45,40
124,45,45,Holberg no 19,40,40
125,45,45,Kalaset,40,40
126,45,45,Kanal Cafeen,40,40
127,45,45,Restaurant Maven,45,40
128,,45,Spaghetteria La Perla,45,40
129,50,45,Cafe Halvvejen,50,45
130,40,45,Llama Restaurante &amp; Bar,40,40
131,40,45,Bistro Boheme,45,40
132,45,40,Ved Stranden 10,45,40
133,45,45,Christianshavns Faergecafe,45,40
134,40,45,Hallernes,40,40
135,45,45,Restaurant Puk,45,40
136,45,45,Sticks'n'Sushi,40,40
137,45,45,Da Salvo,45,45
138,40,40,Cafe Katz,40,40
139,45,45,Cafe Petersborg,40,40
140,45,45,Ol &amp; Brod,45,40
141,,45,Reffen,40,40
142,,50,Frank,50,45
143,40,45,Pate Pate,40,40
144,,45,Pho Hanoi,40,45
145,,40,Nebbiolo Winebar,45,40
146,40,45,Hatoba Sushi,40,40
147,,45,Krogs Fish Restaurant,45,40
148,,40,Plectrum Vesterbro,40,35
149,45,45,"the Tower, Copenhagen",40,40
150,35,40,RizRaz,40,40
151,45,40,Skindbuksen,40,40
152,45,45,Osteria 16,40,45
153,40,45,Restaurant no. 2,40,40
154,40,45,Oysters &amp; grill,40,40
155,35,40,RizRaz,40,40
156,40,45,Ristorante La Rocca,45,40
157,40,45,Cafe Wilder,40,40
158,40,45,MASH,40,35
159,45,45,Lumskebugten,45,40
160,40,40,Det Lille Apotek,40,40
161,50,45,Neighbourhood,40,40
162,,45,Restaurant HUMMER,40,35
163,40,40,Sokkelund Cafe &amp; Brasserie,40,40
164,45,45,Gitte Kik,40,40
165,35,40,Spuntino,40,40
166,50,40,Kayak Bar,40,40
167,35,40,Restaurant Vita,40,40
168,40,40,Mon Amour,40,40
169,40,40,BrewPub,40,35
170,40,45,Kodbyens Fiskebar,40,35
171,40,40,Restaurant Zeleste,40,35
172,35,45,Retour Steak,40,40
173,40,45,Atlas bar,40,40
174,,50,Veve,45,45
175,,45,SSAM Korean Food Bar,45,40
176,,45,Restaurant Barr,45,40
177,40,40,SALT Bar &amp; Restaurant,40,35
178,45,45,Spiseloppen Christiania,45,40
179,45,45,The Union Kitchen,40,35
180,40,45,Scarpetta,45,40
181,40,40,Laundromat Cafe,40,35
182,40,45,Restaurant l'Alsace,40,40
183,45,45,Royal Smushi cafe,40,35
184,40,40,Amadeus,40,40
185,40,45,Duck and Cover,45,45
186,40,40,Restaurant Havfruen,40,35
187,45,45,Sale e Pepe,45,45
188,40,40,Cafe Sorgenfri,40,40
189,45,45,Altopalato,45,45
190,45,45,Vinvaerten Gothersgade,45,45
191,,40,Restaurant BASALT,40,35
192,,40,San Marco Junior,45,40
193,40,40,Norrebro Bryghus,40,35
194,40,45,Pluto,40,40
195,40,40,Koebenhavner Cafeen,40,40
196,40,50,Doep,45,45
197,40,40,Madklubben Bistro De Luxe,40,40
198,,40,Cock's &amp; Cows SP34,40,35
199,40,45,Restaurant CLOU,45,40
200,50,40,Hviids Vinstue,40,40
201,,45,Coq en Pate,45,45
202,40,40,Pintxos,40,40
203,35,45,Ida Davidsen,40,35
204,40,40,Heering Restaurant and Bistro,40,35
205,45,45,FAMO,45,40
206,35,45,Retour Steak Vesterbro,40,40
207,40,40,Restaurant Brdr. Price,40,35
208,,45,Musling Bistro,40,40
209,40,40,Axelborg Bodega,40,40
210,45,45,Tivolihallen,45,40
211,,40,Restaurant Flammen Kobenhavn HCA,40,40
212,40,40,Halifax Osterbro,45,40
213,,45,The Market Asian Kitchen &amp; Bar,40,40
214,45,45,Den Gule Cottage,45,40
215,45,45,Je t'aime,45,45
216,40,40,Grillen Norrebro,40,45
217,35,50,Liban Cuisine,45,45
218,,50,Tarnet Restaurant,50,45
219,,40,BollyFood,40,35
220,35,40,Relae,40,35
221,40,40,Kystens Perle,40,40
222,40,40,La Vecchia Signora,40,40
223,40,40,Cafe Oscar,40,40
224,35,40,Halifax Frederiksberg,40,40
225,40,40,Hyttefadet,45,35
226,40,45,Fishmarket,40,40
227,45,45,Voulez Vous,45,45
228,40,45,Nyboders Kokken,45,40
229,40,40,Apropos - Cafe &amp; Restaurant,40,35
230,,45,Mad &amp; Kaffe,40,45
231,40,40,Madklubben Vesterbro,40,40
232,45,45,Il Grappolo Blu,45,40
233,,50,Restaurant Wilhelm,45,45
234,,45,Ellas,45,45
235,45,40,Salon 39,45,40
236,40,40,Hansens Gamle Familiehave,40,40
237,,45,Madenitaly,45,45
238,,50,Made in Italy,45,50
239,40,45,Restaurant Pilekaelderen,40,40
240,45,40,A.C. Perch's Tea Shop &amp; Tea Room,40,40
241,40,40,Cafe Victor,40,35
242,35,40,Restaurant Sahil,40,40
243,40,40,Frk. Barners Kaelder,40,40
244,35,45,Restaurant Uma,40,40
245,40,40,Pastis,40,35
246,45,45,Carne Famo,45,40
247,,50,H table,50,50
248,35,45,Restaurant Rebel,40,40
249,,40,Brus,40,40
250,,45,Bastards,45,40
251,40,40,L'Education Nationale,40,35
252,40,40,La Fiesta Mexicana,45,40
253,40,45,Scurry Hub,40,45
254,,50,PUBLIC - The Italian Social Dining Bar,50,45
255,45,40,Cafe Munk,40,40
256,,50,Ris8,50,50
257,,45,Meatpacking District Food,45,40
258,40,40,Maexico (fmr. Barburrito),40,35
259,,45,Khmer Cuisine,45,45
260,45,45,Karma Sushi Nyhavn,35,40
261,,50,Limone Piazza,50,50
262,45,45,Famosi e Golosi,45,45
263,,40,The South Indian Vesterbro,40,40
264,35,40,SPIS,40,40
265,,40,Baan Thai Isarn,40,40
266,40,40,Madklubben Grill Copenhagen,40,40
267,40,45,Restaurationen,45,40
268,40,40,Soren K,40,40
269,,40,Admiralgade 26,45,40
270,40,45,Ma'ed,40,45
271,40,45,Tapa del Toro,45,40
272,40,40,Restaurant Fridas,40,40
273,,45,Anarki,45,40
274,45,45,K-Bar,45,45
275,40,40,Nimb Brasserie,35,35
276,35,40,Floras Cafe &amp; Steakhouse,40,40
277,35,40,Restaurant Jacobsen,40,35
278,40,40,Ristorante L’Appetito,40,35
279,40,45,Cafe Gavlen,40,45
280,40,40,Les Trois Cochons,40,40
281,45,45,Ristorante La Buca degli Artisti,45,45
282,40,40,Huks Fluks,40,35
283,,50,Restaurant 1733,50,45
284,40,40,Oscar Bar Cafe,40,40
285,45,40,Baest,40,35
286,35,40,Cock's &amp; Cows Gl. Strand,35,35
287,35,40,Poonchai Thai Restaurant,40,35
288,35,45,B'india,45,40
289,40,40,Restaurant Gorilla,40,40
290,35,35,Dalle Valle,40,40
291,50,40,Restaurant Diamond Rice,40,40
292,,45,Restaurant Dada,45,40
293,45,45,SimpleRAW,45,40
294,,45,Restaurant Alouette,45,45
295,35,40,Restaurant SULT,40,35
296,45,50,Restaurant Godt,45,45
297,,45,Cafe Feel Good,40,40
298,,45,The Fat Pike,45,45
299,40,40,Peder Oxe,40,35
300,45,40,Nyhavn 37,40,35
301,30,40,Hot Buns,35,35
302,40,40,Rosie McGee's Restaurant &amp; Bar,40,35
303,40,40,Lundgren V.I.P. Bagerstraede,40,40
304,,,Le Caprice,,
305,,45,Sticks’n’Sushi,45,40
306,35,40,Vesterbros Originale Burgerrestaurant,40,40
307,40,45,Scarpetta,40,40
308,40,40,Ravage Restaurant Copenhagen,40,35
309,45,45,La Petanque,40,40
310,40,40,Almanak - The Standard,40,35
311,,40,Blod Hat,40,40
312,45,45,Toldbod Bodega,40,40
313,40,45,Cafe &amp; Olhalle 1892,45,40
314,,40,Restaurant Silo,40,40
315,,45,restaurant Naert,45,45
316,,45,Xocovino,45,45
317,40,45,Restaurant Melee,40,40
318,,45,Lidkoeb,45,45
319,45,45,Nha Trang,45,45
320,45,40,Gorm's Magstraede,40,40
321,,45,Cafe Toldboden,45,45
322,40,40,Thai Pan,40,40
323,,45,Tony's Pizzeria,45,45
324,30,35,Jensens Boefhus Copenhagen (Vesterbrogade),35,35
325,40,45,Restaurant Gilleleje,45,40
326,,45,Moeller Coffee &amp; Kitchen,35,35
327,,45,Skagen Fiskerestaurant Illum Rooftop,40,40
328,,40,Juicy Burger,40,40
329,35,40,Al-Diwan,40,40
330,40,45,Cafe Fremtiden,40,40
331,45,40,Restaurant Groften,45,35
332,,45,Beyzade,45,45
333,,40,Hidden Dimsum,40,35
334,40,45,Sticks'n'Sushi,45,40
335,35,40,Ban Gaw,40,40
336,,50,Midori - Izakaya and Greenery,45,45
337,40,45,Wining &amp; Dining,45,45
338,45,40,Ristorante Fabio,40,40
339,,45,FEDTEGREVEN BistroBodega,50,45
340,45,45,Lazio,45,45
341,,45,Naervaer,45,45
342,35,40,Bistro Royal,35,35
343,40,45,Sushi Lovers,40,40
344,,50,Hachi Sushi,45,45
345,40,45,The South Indian Frederiksberg,40,40
346,40,40,Trattoria Fiat,40,35
347,35,40,La Galette,35,40
348,,45,Italo Disco,45,45
349,45,40,Restaurant Kareten,45,40
350,45,40,Orangeriet,35,35
351,35,40,Tivoli Hotel,40,35
352,45,40,Bankerat,40,35
353,40,40,Tony's,40,40
354,,40,"Restaurant Bar""bette",40,35
355,45,45,GURU,40,35
356,,40,Broens Gadekokken,40,40
357,35,40,Sachi Sushi,40,40
358,45,40,Cap Horn,40,35
359,40,40,NyhavnsKroen,40,35
360,35,40,Vespa,40,40
361,35,40,WOK Vesterbro,45,40
362,,40,Fru Nimb,40,35
363,45,45,Antons Koekken,45,40
364,45,45,Thirion - Charcuterie &amp; Vins,50,50
365,40,40,Restaurant Dubrovnik,40,40
366,35,40,Restaurant LeLe,40,35
367,45,45,Deligreco,45,40
368,35,35,Hereford Steak,35,35
369,,50,JaDa! Cafe,50,50
370,,45,Behov,35,35
371,,40,MASH Penthouse,35,35
372,45,40,Nyhavns Faergekro,40,35
373,45,45,Restaurant D'Angleterre,45,40
374,45,45,Restaurant Sankt Annae,40,35
375,35,40,Hache Gourmet Burgers,40,40
376,35,40,Rasoi - Indian Cuisine,35,35
377,45,40,Granola,40,35
378,,45,Co-ma Bistro,45,45
379,40,45,Sticks'n'Sushi,40,40
380,,45,Barril Pasta &amp; Wine Bar,45,45
381,45,45,Restaurant Viva,45,40
382,45,40,Krogers Familiehave,45,40
383,35,40,Nimb Bar’N' Grill,40,35
384,,,CUBE Bar,50,45
385,,40,Cantina,40,35
386,45,40,Falernum,40,40
387,,50,La Bonne,50,50
388,40,40,Rambla,40,35
389,40,40,Il Ponte Restaurant,45,40
390,,45,Hot Pot Republic,45,40
391,40,40,BOB Biomio Organic Bistro,40,35
392,40,35,Cafe Langebro,40,40
393,,45,Duck It,40,40
394,,45,Blue Bike Cafe,45,45
395,,45,Gronsagen,40,45
396,35,40,Cafe G,40,40
397,50,40,Cafe Kitchenette,40,40
398,,45,Perbacco,45,45
399,35,40,Bonjour Vietnam,40,40
400,35,40,Restaurant M,40,35
401,,40,Restaurant Trio,40,40
402,40,40,Nytorv Restaurant and Cafe,40,35
403,40,40,Nobu,35,35
404,,,Mums Deli,,
405,,40,Voraz Bar &amp; Cafe,45,45
406,,35,Gemyse,35,35
407,35,40,Hard Rock Cafe,40,35
408,40,45,Ristorante Cafe Leo,45,45
409,40,40,Brooklyn Bar Koebenhavn,40,40
410,40,35,The Old English Pub,40,35
411,,40,Ravnsborg Vinbar,45,40
412,,45,Le Petit i Torvehallerne,45,40
413,,50,Kopan Rice,45,45
414,40,40,Dag H,40,35
415,,40,20 a,40,40
416,,45,Restaurant Taller,50,45
417,,45,Halifax Vesterbrogade,45,45
418,40,35,Restaurant Galionen,35,30
419,,50,Dina Bar Kafe,50,50
420,,40,Grillen Christianshavn,40,40
421,,45,Cafe Royal,45,40
422,,45,Da Aldo Pizzeria,45,50
423,,50,Pizzicato,45,45
424,,40,Alabama Social,40,35
425,30,35,Ankara,35,40
426,35,35,Samos,40,40
427,,45,Pizza Time,40,45
428,,50,Isoteket,50,50
429,,40,Tapas Huset Casa Lola,35,35
430,40,45,Selfish Take Away,40,45
431,35,45,Chicky Grill-Bar,40,45
432,,,Krystal Sandwich,,
433,,45,Pizza Huset,45,45
434,,40,Boston Grill Mayfair,45,35
435,,45,Restaurant Mes,40,40
436,35,40,The Italian,35,35
437,,45,Harrys Place,40,45
438,35,35,Astor Deep Pan Pizza,40,40
439,40,40,Gorm's Nyhavn,35,35
440,40,35,The Dubliner,35,35
441,40,45,Hanzo,40,40
442,40,45,FAMO Metro,40,40
443,45,45,Balthazar Champagne Bar,45,40
444,35,40,Carlton,40,35
445,35,40,Restaurant Frascati,35,35
446,45,40,Teaterkaelderen,45,40
447,,50,Hooked,45,45
448,,40,La La La,40,40
449,,45,Noho,45,45
450,,50,Banh Mi,50,50
451,45,40,Ingolfs Kaffebar,40,40
452,45,45,Restaurant Frksbrg,45,40
453,,45,Tivoli Hallen,45,45
454,50,45,London Pub,45,40
455,,40,Rufino Osteria,45,40
456,40,40,Ristorante Ponte Vecchio,40,40
457,,45,Comedy ZOO Club &amp; Cafe,45,40
458,40,40,Manfreds,40,35
459,,45,Fiskekutteren HM800 Jammerbugt - Thorupstrand Fisk,45,45
460,45,35,The Library Bar,40,35
461,40,40,Boef &amp; Ost,35,35
462,,40,Restaurant Nyhavn C,40,35
463,,45,Vandkunsten sandwich og salat,40,45
464,,45,The Bird &amp; The Churchkey,40,40
465,,40,Fars Dreng,35,40
466,40,35,McJoy's Choice,35,35
467,,40,Munchies Copenhagen,45,40
468,,35,Olbaren,45,40
469,,45,Pasta La Pasta,45,45
470,,50,Hope Organic,45,45
471,45,45,Taverna Kreta,45,45
472,,40,Mercante Copenhagen,45,40
473,,45,Formatcph,45,45
474,,50,Satang Thai Bistro,45,50
475,45,40,The Royal Cafe,35,35
476,45,40,The Globe Irish Pub,45,40
477,30,45,Thai Asia,40,45
478,40,40,Christianshavns Badudlejning &amp; Cafe,40,40
479,45,45,Bar'Vin,45,40
480,,,Restaurant MA,,
481,,40,Restaurant Meille,40,40
482,45,45,Ma Poule,40,40
483,40,40,Cafe Europa 1989,35,30
484,,45,Bjaelkehuset,45,40
485,,50,Domhusets Smorrebrod,50,50
486,,40,Victoria Pub,40,40
487,,50,GROS,50,50
488,45,40,Aristo,40,35
489,,40,Hojbro Sandwich and Cafe,40,35
490,35,35,pizzeria Venezia Nyhavn 31,35,35
491,45,45,Bang &amp; Jensen,40,45
492,,45,The Vietnamese,45,45
493,35,40,Midtown Grill,40,35
494,,50,Mother Wine,45,45
495,,45,Ewalds,45,45
496,45,40,1105 Cocktail Bar,45,40
497,,45,Blaabjerg &amp; Madsen - Frederiksberg,40,45
498,,45,GONZO Cafe,45,45
499,,50,Ambassaden &amp; Konsulatet,50,50
500,40,35,Skipperkroen,35,35
501,45,35,Tjili Pop,45,40
502,,45,Restaurant Ibu,45,45
503,45,40,Tango y Vinos,40,40
504,40,35,Bibendum,35,35
505,40,40,Zirup,35,35
506,50,40,Cafe Klods Hans,45,35
507,45,40,Cafe Dyrehaven,40,40
508,,45,Det simrer,45,45
509,,40,Charlie Bistro,40,40
510,,35,Comfort Hotel Vesterbro,35,35
511,,45,Cafe Baryl,35,40
512,,,Mega Bar,,
513,,40,Urten,40,40
514,35,35,Blue Elephant Restaurant,35,30
515,40,45,Itzi Pitzi Pizza,40,45
516,,40,Green Island of Copenhagen,45,45
517,,40,Madhus24,40,40
518,,50,The Nomad &amp; The Bean,50,50
519,,40,Il Buco,40,35
520,,45,Restaurant Salon,45,40
521,,40,DAIZY'S,40,40
522,,,Honen &amp; Aegget,,
523,,45,Hafnia Bar,45,40
524,,50,The Packhouse,50,45
525,,45,WOK Christianshavn,40,40
526,,45,O Tempo,40,45
527,40,45,Kates Joint,40,45
528,,35,Restaurant 108,40,30
529,,50,Spisehuset,45,45
530,40,45,Nyhavn Pizzeria,45,45
531,,40,Ramen To Biiru,40,35
532,35,40,Kung Fu 2 Izakaya,40,40
533,,35,Vesterbro Brewery (Burgers and Brewhouse),40,35
534,,40,Roxie,40,35
535,,35,Rossopomodoro Illum,40,30
536,,50,K96,50,50
537,35,45,Forno a Legna,35,45
538,40,45,Akropolis,45,40
539,40,40,Mother,35,35
540,45,40,Restaurant Turesen,45,40
541,,45,Fredco's Deli,45,45
542,,40,Restaurant MANGAL,40,40
543,35,45,Cafe Pelikan,45,40
544,,45,Suphan Thai Takeaway,45,45
545,45,40,Cafe Nemoland,35,40
546,40,40,L'Altro,40,35
547,,45,Neighbourhood Frederiksborggade,40,40
548,,45,Vita Boost Torvehallerne,45,40
549,40,35,the laundromat cafe,35,35
550,35,35,Tandoori Masala,35,35
551,35,40,A Hereford Beefstouw,35,30
552,,45,Seoul,45,45
553,,45,CafeLoppen,40,45
554,35,35,Ristorante Vesuvio of Copenhagen,35,35
555,,40,SUKAIBA Copenhagen,40,35
556,,50,Parma &amp; Pasta City 2,50,45
557,,40,Papa Ramen,40,35
558,40,40,Gambero Rosso,40,40
559,,45,Bar Uno,40,45
560,35,35,"Restaurant Paafuglen, Tivoli",40,35
561,,40,Spaghetteria,45,40
562,50,40,Bevar's,40,40
563,,,Chill-ee,,
564,,45,Fabro,45,45
565,,45,Restaurant Menu'en,45,45
566,30,35,Wagamama,35,35
567,,45,Jacobsen Brewhouse &amp; Bar,50,40
568,,40,Sea by Kiin Kiin,35,35
569,,45,NOSE2TAIL - Meatpacker,40,40
570,40,40,Ristorante ITALIANO Pompei,35,35
571,,40,Restaurant NOI,45,40
572,,45,Cafe Grabow,45,45
573,,,City Pub,45,40
574,40,40,Sans Souci Restaurant &amp; Vinstue,40,35
575,45,45,Savana Cafe og Restaurant,45,45
576,,,Olsnedkeren,45,40
577,35,40,Meson Espana,40,40
578,,40,Ristorante Sole D'Italia,40,40
579,,45,Den Lille Gule,50,45
580,,50,4Greeks Food,45,50
581,,45,Veggie Heroes,45,45
582,,40,Dalle Valle,40,45
583,50,35,Hvide Lam,40,35
584,45,40,R Vinbar,40,35
585,35,40,Sukiyaki,35,35
586,40,35,Ved Kajen,35,35
587,,45,Reinh. van Hauen Store Kongensgade,45,45
588,35,40,Pho Saigon,40,40
589,40,40,Geist,35,35
590,,40,Boathouse,40,35
591,35,45,Sushi Norregade,40,40
592,,45,Kennedy's Irish Bar,45,40
593,,35,The Dubliner Downtown,40,35
594,,45,Ferment,45,45
595,,45,Vinbodegaen Norrebro,40,40
596,,45,Sushi Tsukiji,45,50
597,,,Wrap House,,
598,,45,Pizzeria Luca,40,45
599,,45,Bistro Les Halles,45,45
600,,50,Hav2Go,50,45
601,35,40,La Lua,40,40
602,,40,Forketta,45,40
603,35,45,Sticks'n'Sushi,40,40
604,,40,Restaurant Ankara,40,45
605,35,40,Fu Hao,35,40
606,40,35,Allegade 10,35,35
607,30,45,Nonsolo Pizza,40,45
608,,45,Mad Cafeen,50,45
609,35,40,Lele Street Kitchen,40,35
610,40,40,Cafe Diamanten og Olhalle,40,40
611,,,kruts karport,50,45
612,,45,Nabo,45,45
613,,45,Olioli,45,45
614,,40,Filini Restaurant,40,40
615,35,40,Shezan Restaurant,40,40
616,,40,Cafe Auto,40,35
617,40,40,Vesterbro Vinstue,40,40
618,,50,Ro Chokolade,45,50
619,,45,Kellermans Cafe,40,40
620,,35,La Esquina,40,35
621,35,40,Restaurant Ankara,40,40
622,,45,Teglkroen,45,45
623,40,35,Brdr Price Tivoli,35,35
624,,35,Ristorante L'imperatore,40,35
625,,50,Rene Noir,45,45
626,45,,Vinstue 90,45,40
627,30,40,Konya Kebab,35,45
628,,,Cotoa,,
629,45,40,Vinbaren Vesterbro Torv,45,40
630,30,45,Rialto grill,40,40
631,40,35,The Harbour,40,30
632,,45,Kiin Kiin Bao Bao,35,40
633,,40,Jah Izakaya &amp; Sake Bar,40,35
634,,45,Hos Otto,45,45
635,,,Eiffel Bar,40,45
636,35,40,Retaurant Miga,35,35
637,,40,Madklubben Frederiksberg,40,40
638,40,40,Restaurant Sundby Sejlforening,35,40
639,,45,Iboo's Pizza &amp; Pakistansk Takeaway,45,50
640,,45,Cafe Salonen,45,45
641,,,Orsted Olbar,45,40
642,,45,Bar 25,35,40
643,40,35,Cafe Oven Vande,35,35
644,35,40,La Vecchia Gastronomia Italiana,35,35
645,40,40,Restaurant Pilekroen,40,40
646,,40,Grillen Vesterbro,40,40
647,,50,Trattoria 54,50,50
648,,50,Kanagawa Sushi,40,45
649,30,35,The Ricemarket,35,35
650,,45,Croissant’en,45,45
651,,35,Cafe Dalle Valle,35,35
652,40,40,Bone's Restaurant (Amagerbrogade),40,40
653,40,35,Cafe Espersen,40,35
654,35,40,Trattoria Campo De Fiori,40,40
655,40,40,Taormina,40,40
656,40,35,Faergekroen Bryghus,35,30
657,,40,Restaurant Omar,45,40
658,,40,La Fabrica,40,40
659,,,Falang Asiateria,,
660,,50,Peter Beier Chokolade,45,45
661,,40,Otto,35,35
662,35,40,Deep,40,40
663,45,40,Ristorante San Giorgio,40,35
664,,35,TGI Fridays,35,30
665,40,40,Bakaliko Greek-Deli,40,35
666,,45,Apollo Bar,45,40
667,40,45,Gourmandiet,45,40
668,,40,Green Mango,40,40
669,,45,Sachi Sushi - Borgergade,40,45
670,,40,Provins,45,40
671,,,Xilonen - House of Corn,,
672,,40,Beau Marche,35,35
673,,45,Faetter Faetter,45,45
674,40,40,Nyhavn 14,35,35
675,,45,Wedofood,45,45
676,40,35,Cafe 22,35,35
677,,,Plant Power Food,,
678,,,Pico Pizza,,
679,,45,Gao Dumpling Bar,40,45
680,,,The Fish Project,,
681,,40,Ahaaa Det Arabiske Madhus,40,45
682,,45,Thai Corner,40,40
683,,40,Kihoskh,40,35
684,35,40,A Hereford Beefstouw,40,35
685,35,40,Royal Garden,40,40
686,,50,Kewei's Kitchen,50,45
687,,40,Little Italy Pizza,40,40
688,,35,Grillen Amagerbro,40,35
689,,40,Restaurant Kaptajn,45,40
690,,40,Den Vandrette,40,40
691,,40,Tandoori Masala,45,40
692,,50,Pizzaria Cavallino,45,50
693,,35,Tivoli Biergarten,35,35
694,40,40,Casa d'Antino,35,35
695,,,Social Corner Board Game Cafe,,
696,45,40,Rabes Have,40,40
697,40,35,Cafe og Restaurant Ofelia,35,35
698,35,40,Quattro Fontane Italiensk Restaurant,40,40
699,40,35,El Tapeo,40,35
700,35,35,Wanna'B,35,35
701,,45,Rumbles Sydhavn,35,40
702,,40,Madsalen,40,40
703,35,45,Charlottehaven,40,40
704,,40,Lillians Smorresbord,40,50
705,,40,Mado Copenhagen,40,40
706,35,35,Grand Vue,40,40
707,,,Godtfolk,,
708,35,40,Wokshop Cantina Take Away,35,40
709,35,35,Restaurant Klubben,35,35
710,40,40,Tribeca NV,35,35
711,35,40,cafe viggo,35,35
712,30,40,Magasasa street kitchen,30,40
713,45,45,Frederik VI,45,45
714,,40,PMY,45,40
715,,50,Currybox,50,50
716,,50,Smag,45,50
717,,50,Blaabjerg &amp; Madsen - Vesterbro,45,45
718,,45,O'learys Mayfair,35,35
719,,40,Cock's &amp; Cows Osterbro,40,40
720,,40,Boutique Fisk,40,40
721,,40,Be Steak,40,35
722,,,Burks kokken &amp; bar,,
723,35,40,Restaurant Tokyo,40,35
724,,,Dia'legd Olbar,40,40
725,,40,Oki Sushi,35,40
726,,45,Deep,45,45
727,,45,Isted Grill,45,45
728,,,Bo-Bi Bar,45,45
729,40,40,Letz Sushi Christianshavn,35,35
730,,40,Sticks'n'Sushi,35,35
731,,40,Restaurant Kul,40,35
732,40,40,Cafe Taxa,40,40
733,40,40,Sing Teahouse,45,45
734,50,45,Lomos Food Shop,45,40
735,,,Mikropolis,45,35
736,,45,Peter Beier Chocolate A/S,50,40
737,25,40,Leifs Pizzeria,40,40
738,,50,Mad &amp; Kaffe,45,45
739,,40,The Modern,35,40
740,,45,Restaurant Vandvid,40,40
741,35,30,Cafe Stella,30,30
742,45,45,Huset med det Gronne Trae,45,40
743,30,40,Restaurant Rimini,35,40
744,40,40,Restaurant Flakfortet,40,40
745,,,Vaertshuset Pinden,45,45
746,45,40,Hos Fischer,40,35
747,,,Wanthanas,,
748,,35,Halifax Amager,45,40
749,35,45,Ayuttaya,45,45
750,,40,Hallernes smorrebrod,40,35
751,,45,Gravy,45,40
752,,40,Berlin Bar,45,45
753,,40,La Banchina,40,40
754,40,35,Good Morning Vietnam,35,35
755,,45,Il Locale Italian Craft Beer,45,40
756,,35,Kasai sushi,30,30
757,40,35,Streckers,40,35
758,,45,Okko,45,40
759,40,40,Cafe Fata'Morgana,40,40
760,,40,MD Thai,40,35
761,35,35,Svane Pub,40,40
762,40,40,The First Lady,40,40
763,30,35,Otto's,35,30
764,,,Sofie Kaelderen,,
765,,,Bar Rye,,
766,,45,Cicchetti,40,45
767,,,Gorda Empanadas,,
768,35,45,Sushi2500,45,45
769,,30,Soernes Olbar,35,30
770,,,La Baracca,,
771,35,35,Restaurant Els,35,30
772,40,40,Plaza Grill,40,35
773,,40,Restaurant BARK,40,35
774,,40,Restaurant Ilden Kobenhavn,40,35
775,,40,Undici,50,40
776,,40,Cava Bar,40,40
777,30,40,Sopromenaden,40,40
778,,,Moose Bar,40,45
779,,35,The Grill,35,30
780,40,35,Pixie,35,35
781,,40,Wannisa,45,45
782,35,45,Ranee's,35,40
783,,45,Miklagaard,40,40
784,,45,PzNordic,40,45
785,40,40,1. th,40,35
786,,45,Ritas Smoerrebrod Copenhagen,50,45
787,35,40,Bombay,35,35
788,,,20 Grams -Specialty Coffee Shop,,
789,,,Bagerdygtigt,,
790,,45,Ancestrale,45,45
791,40,35,Greasy Spoon,35,35
792,,45,Empire Copenhagen,40,40
793,40,35,Cafe Hoegs Hoegs,35,35
794,,40,Watami,35,40
795,,40,"Sapore D""Italia",35,40
796,45,40,P2 by Maleck,45,35
797,,50,Hav,35,40
798,50,45,Terroiristen,50,45
799,,,Kiin Kiin Street at WestMarket,,
800,,35,Boulebar Noerregade,35,35
801,35,40,Rugantino,40,40
802,,45,Thai Asien Take Away,40,45
803,,,The Midwestern Diner,,
804,,50,No 95,50,50
805,45,40,Toga Vinstue,40,40
806,,45,Cafe Marzano,50,50
807,,40,Takii Sushi,40,40
808,,,Victorious Sportsbar &amp; Cafe,,
809,40,40,Barbar Bar,40,40
810,,45,Doep,45,45
811,,40,Klint - Designmuseets Cafe,40,35
812,30,30,Milano Restaurant &amp; Pizzaria,35,30
813,,,Drop Inn,40,40
814,,,Mahalle Cph,,
815,35,40,Meyer's Deli,35,35
816,40,40,Joe &amp; the Juice,35,35
817,,,Poco Picante,,
818,35,40,Restaurant Porn-Sak,40,40
819,,40,Restaurant Frokosten,45,40
820,35,35,Zalt,35,35
821,,45,Olufs,40,45
822,35,35,Chun bo,40,40
823,,,Barkowski,,
824,40,40,Restaurant Romarin,40,45
825,,40,Toscana Due Italiensk Pizza,40,45
826,,50,Omegn,50,40
827,,45,Maltid,45,45
828,,35,Salt &amp; Pepper,30,30
829,45,40,Cafe Alma,35,35
830,,,Vini Vino,,
831,25,35,Silom restaurant,35,35
832,,40,Mangia Bar &amp; Ristorante,35,35
833,,45,Restaurant Barshu,45,45
834,,35,The Scottish Pub,40,40
835,,40,Wagamama,40,40
836,50,40,The a la menthe,40,40
837,,45,Restaurant Smor,40,35
838,,,Izumi Vesterbro,,
839,,,Chai Shai,,
840,,40,Mission Cph,40,35
841,35,35,Spicey Kitchen,35,40
842,,40,Steak &amp; Thai Restaurant,40,40
843,,,Kodbyens IS,,
844,,35,Bazaar,35,30
845,,,H3 Fiskerestaurant,,
846,,,Glod,,
847,,45,Bonden og Adelen,50,45
848,,50,Taste - house of cascabel,40,40
849,,45,Woowok,45,45
850,35,35,L'Anfora,35,35
851,30,40,Issa,40,40
852,,45,Dinner Sushi,40,45
853,,40,Bevi Bevi,40,40
854,,,Ramslog by Sides.,,
855,,,Le Kaff,,
856,45,40,El Chavo Mexicano,45,45
857,,,Broaden &amp; Build,,
858,40,45,Froken Sandwich,45,45
859,30,40,Pier 5,40,30
860,,,Cafe Pyt,,
861,,40,Shakedown,35,35
862,,40,Madklubben Norrebro,40,40
863,,40,Hija De Sanchez,40,35
864,35,40,Himalaya Restaurant,35,40
865,,,Boltens Food Court,,
866,40,40,Cafe Bjorg's,40,40
867,,40,Gro Eatery,40,40
868,40,40,Aroiidee,35,40
869,,,Cholon by Lam Le,,
870,40,40,Spicylicious,40,40
871,40,40,La Vecchia Italia,35,35
872,40,40,Hos Trine og Christian,40,40
873,35,35,Restaurant Fyrtoejet,35,35
874,,,Kaf,,
875,,40,The Laundromat Cafe,35,35
876,,45,Det Argentinske Vinhus Vinos Los Andes,45,45
877,,40,Royal cuisine,45,35
878,,45,Mahalle Cph,35,40
879,40,35,Gran Torino Pizza,35,35
880,,40,Leonore Christine,45,35
881,,40,Mikkeller Baghaven,45,45
882,,,Kind of Blue,40,40
883,,35,Gorm's i Tivoli,40,35
884,,50,Maui,45,45
885,45,40,Ristorante Fabios Paparazzi,40,35
886,,40,Taste of Thai,35,40
887,,45,California Kitchen,40,45
888,,40,"Magasasa, Dim Sum &amp; Cocktails",30,35
889,,,Brodrene Grim,,
890,,40,Wok On,40,40
891,35,40,Bistro Kivi,40,40
892,,45,Plenum,45,45
893,,40,Classic Pizza Magasin,45,40
894,,45,H15,40,45
895,,,nihao YAO,,
896,25,35,Wagamama,35,30
897,,40,Moi,45,35
898,,45,Sofiekaelderen Copenhagen,45,40
899,,35,Cafe Phenix,40,35
900,,,Cafe Christianshavn,,
901,,45,Olivers Oase,45,40
902,,,Mikkeler Barrel Room,40,45
903,,,Pub og Sport,45,40
904,,45,Hallernes Smorrebrod,40,40
905,,45,Tramonto Rooftop Italian Cuisine &amp; bar,40,40
906,,40,Restaurant India,40,40
907,45,45,Restaurant Paustian,45,40
908,,,Indian Swaad,,
909,,,Apartment 38,,
910,35,35,Hoppes,35,35
911,,,The Bird &amp; Kissmeyer,,
912,30,40,Cafe cyprus,40,40
913,,,Go Sushi,,
914,20,45,Tino’s Pizzeria,30,40
915,40,35,Chai Wong,35,35
916,35,40,Genki sushi,40,35
917,,,Souvlaki Stories,,
918,35,35,Hereford Village,35,35
919,,,Elly's kaffebar,,
920,,35,Cafe Vivaldi - Falkoner Alle,40,35
921,,40,Mirabelle,35,35
922,,35,Bistro Panpan,35,35
923,,,Durum Bar Noerrebro,,
924,,40,Nagoya,40,40
925,,,EggSperience,,
926,,45,Sushi Factory,45,45
927,,50,Kato Sushi,40,50
928,,50,Leo’s Pizza,50,50
929,,35,Lundgren V.I.P. Frederiksberg,35,35
930,,35,Cafe Baaden,35,35
931,,45,Omakase,45,40
932,,,Natur Torst,,
933,,,pasta house,,
934,,,Djuus Copenhagen,,
935,,,Cheung's Grill,,
936,,35,Stefanos Pizza,30,30
937,,,Faerge Cafeen,,
938,,30,"Vapiano Frederiksborggade, Copenhagen",35,25
939,,40,Cock's &amp; Cows Ravnsborggade,35,35
940,,40,Brasserie Storm,40,35
941,40,35,Nagoya,40,40
942,,45,Holms Bager,45,45
943,,50,Tea:licious Cafe,40,40
944,40,40,Restaurant Zafran,40,40
945,,,Mudan Restaurant,,
946,,,Cafe Ristet Rug,,
947,30,35,King Ya Running Sushi &amp; Wok,35,35
948,,40,Bryggeriet Apollo,40,35
949,,45,Noel Cafe,45,45
950,,,&amp; Rudolph,,
951,,,Brodflov,,
952,,35,Restaurant Flammen Nyropsgade,40,35
953,30,35,Nakorn Thai,40,35
954,,45,just-A-winebar,50,40
955,,,Lille Bakery,,
956,,45,Fresh Sushi,40,45
957,,35,Osterbros Originale Burgerrestaurant,30,30
958,35,40,Da Nino e Franco,40,40
959,,,Mokkariet - Istedgade,,
960,35,40,Sushi Saiko,35,35
961,,40,Dalle Valle Fields,35,40
962,,40,Hyggestund,35,35
963,,,Pizzeria 54,,
964,40,35,Cafe Rene,40,35
965,40,35,Nyhavn 17,35,30
966,,,Kanton 27,,
967,40,35,Spisehuset rub og stub,40,40
968,,35,Galathea Kroen,35,35
969,,45,Bojesen,45,40
970,,40,Le Poelon D'or,35,35
971,,45,Lanes and Louges,40,35
972,,40,Restaurant G,35,35
973,,40,Bistro Central,45,40
974,30,30,Fish 'n' chips tivoli,35,30
975,,,Storehouse,,
976,,,Maobao,,
977,40,35,Cafe Moccador,35,35
978,,,Hvitfeldt Kaffe,45,45
979,,45,Restaurant Kreta,45,45
980,,,Taste of Taiwan Bubble Tea,,
981,,35,Gorm's Fields,35,35
982,35,40,L'appetit,40,45
983,,50,Meyers Bageri Store Kongensgade,50,50
984,,40,Food club,30,35
985,,,DAC Cafe,,
986,,,Coffee Fellaz,,
987,,35,Liberty Burgers &amp; Grill,35,35
988,,45,Herkules Pavilion,45,40
989,,,"El Patron, Tacos By Armando",,
990,,,Cafe Sirius,,
991,,45,Taim Restaurant,45,45
992,,40,Spise\Bar Nr. 20,35,35
993,45,35,Bartof,35,35
994,,,Gaza Grill,,
995,,45,The South Indian Fields,40,40
996,,50,1+1 Street Kitchen,45,50
997,,35,Gourmet street food n' soup,40,35
998,40,40,Andre Citroen,40,40
999,,30,Charlie Scotts Bar,40,40
1000,,,Henckell,,
1001,40,40,Le Basilic,30,35
1002,35,40,Namaste Nepal,40,40
1003,,35,Jasmin Corner,40,40
1004,,,Ristorante Zio &amp; Nonna,,
1005,,35,Promenaden 1932,35,35
1006,,35,Fontana Di Trevi,35,40
1007,,40,Dahl &amp; Dahl,40,35
1008,,40,Restaurant Oranje,40,40
1009,35,40,Normandie,40,40
1010,,,Desserthuset,,
1011,,40,The Mad Hatter Bubble Tea Emporium,45,45
1012,,40,Louises Fiskebar,40,30
1013,,35,Lagkagehuset,40,30
1014,25,30,Jensens Boefhus Copenhagen (Axeltorv),30,30
1015,35,40,Kardemomme,40,35
1016,40,35,Bryggeri Skovlyst,35,35
1017,,,Bingo 156,,
1018,,,Le Coin,,
1019,,40,Iki Sushi,40,35
1020,,40,Restauranten i Koncerthuset,45,35
1021,,40,Chicks by Chicks,40,35
1022,,40,Iluka,40,30
1023,,,Restaurant Metier,,
1024,,,Glou Glou,,
1025,,,Pio Vin &amp; Bar,,
1026,,40,Karmaman Foodmarket,30,40
1027,,,"Holm Cider, ciderbar &amp; shop",,
1028,,45,Cava Bar Mar y Montana,45,45
1029,,,Svaneke Is,,
1030,,,Homemate Ready to go,,
1031,,,The Storm Inn,,
1032,,,Copenhagen Smorrebrod,,
1033,30,40,La Valenciana - Latin &amp; Spanish Cuisine,40,40
1034,,45,Pasteur,35,35
1035,,,Bon Bon Ice,,
1036,,,Cafe Vivaldi - Amagerbrogade,,
1037,,,51 Street Food,,
1038,40,35,Halvandet,35,30
1039,,,Kaffedepartementet,,
1040,,,Broennum,35,35
1041,,35,Kost &amp; Mask,40,30
1042,,,Impronta,,
1043,,40,Bar Jacobsen,40,40
1044,,35,The Bagel Co,35,35
1045,,40,CORK Vinbar,45,45
1046,,45,La Tradizionale Pizzeria,45,40
1047,,,Ali bageri,,
1048,,,Boy's Shawarma &amp; Kylling,,
1049,35,35,8Tallet,35,30
1050,,40,Marco Polo Restaurant,40,40
1051,,,Bua Restaurant,,
1052,,40,China Palace Restaurant,45,45
1053,,,One Bowl,,
1054,,,Brewers inc,,
1055,,,Kongens Bar,50,45
1056,,35,Palace Hotel Restaurant,35,30
1057,,,Quattro Fontane Due,,
1058,,40,Madklubben Osterbro,40,35
1059,,,Sliders,,
1060,35,40,Oyisi Running Sushi,40,40
1061,,,Elliot - Coffee &amp; Craft Beer,,
1062,45,45,Que Pasa,45,45
1063,40,35,Sithep,35,35
1064,,40,Vaffelbageriet,45,35
1065,,,Bronx,,
1066,,50,Graesk Smag,50,50
1067,30,35,Meyer's deli,30,30
1068,,,Bon Appetit,,
1069,,35,Socafeen,35,35
1070,,,Din Nye Ven,30,40
1071,,35,Yoburger,35,30
1072,,,Beat Cafe,,
1073,35,40,Kashmir Indisk Restaurant,35,40
1074,,,Bak Homemade Sandwich,,
1075,,45,Restaurant Vaerksted 1751,50,45
1076,,,Min Thai Takeaway,,
1077,,35,Viften,35,35
1078,40,40,Osteria Alfredo,35,40
1079,40,40,Safir kebab,35,40
1080,,,Kogebogeriet - Kogeboghandel Og Cafe,,
1081,45,40,Ocean Club Restaurant,40,40
1082,,,Hanzo,,
1083,,,Kahyt &amp; Kaffe,,
1084,35,35,VIET - NAM NAM,40,35
1085,,45,Winterspring,40,40
1086,,40,Sofienholmcafe,35,40
1087,,,Smagsloget (City),,
1088,,,Clarrods &amp; Co,,
1089,,,Mors Kokken,,
1090,,,Guilty Copenhagen,,
1091,,,Gasoline Grill,,
1092,,40,Cafe Nutid,45,50
1093,,50,Berkeley take away,50,50
1094,,,Buvette Nordhavn,,
1095,45,40,Bojesen i Operaen,45,40
1096,,,Petrol Cafe,,
1097,,,The Boulevard,,
1098,,40,Hos Nicola,40,40
1099,,,Weltkuglen,,
1100,,,L &amp; V Cafe,,
1101,,35,Kuma,35,40
1102,35,35,Mama Ludbas Ristorante Italiano,35,35
1103,40,45,French Chicken,40,35
1104,,,Bodenhoff,,
1105,,,Alanya Kebab,,
1106,,40,SKT. PETRI Restaurant,40,40
1107,,,La Sardegna,,
1108,,,"Bj""s Original Burger Joint",,
1109,,,Le Gourmand,,
1110,,45,Kontikibar og Faergen Ellen,35,40
1111,,,Cafe Oha,,
1112,,40,Pret a Manger,40,35
1113,,,Logismose Illum Rooftop,,
1114,,35,DEJ,35,35
1115,,,Madsens Mekka,,
1116,,35,Mad &amp; Vin i Magasin,35,35
1117,,,Restaurant Stoj,,
1118,,,Sunday Munday,,
1119,,45,D'Taste,50,45
1120,,,MASH Frederiksberg,,
1121,,,Absalon,,
1122,,,"Woolstock - cotton, wool and coffee",,
1123,,,Taj Diner,,
1124,,45,Govindas,45,50
1125,50,,Cafe Globen,45,45
1126,,,Plads’N,,
1127,35,40,Beyti,40,40
1128,,35,Barabbas,35,30
1129,,,Tryk Bar ApS,,
1130,,,My Poke Illum,,
1131,35,35,Mazzoli's,35,30
1132,,30,Noodle House,30,30
1133,,45,Lagano,45,45
1134,40,40,a roii,35,35
1135,,,Cafe Sweet Surrender,,
1136,40,35,Cortigiano,35,35
1137,,40,Cafe North &amp; Indian Cuisine,45,35
1138,,,MOR Restaurant &amp; Bar,,
1139,,,Letz Sushi Store Kongensgade,,
1140,,,Cafe Assistenten,,
1141,30,35,Nam Thip Restaurant,40,35
1142,,,Hadis Cafe,,
1143,,,The Noodle Box,,
1144,,40,Chin Chin,45,45
1145,,45,Dragon City og Toyama Running Sushi,45,45
1146,,,Bastionens Cafe,,
1147,,,Kongens Hytte,,
1148,,,Non Solo Trattoria,,
1149,,,Crazy Chicken,,
1150,40,45,hing's sushi,40,40
1151,,,FORSYNINGEN - Mad &amp; Drikke,,
1152,,,Cafe Botanika,,
1153,,40,Gorm's Amagerbrogade,40,40
1154,,,Kaldi Copenhagen,,
1155,,,Ruffino,,
1156,,,Angelini,,
1157,,40,Izumi Osterbro,35,45
1158,,,Cafe Parallel,,
1159,,45,Pizzeria Massimo,45,45
1160,,,Kaffeplantagen,,
1161,,40,Wok King,40,45
1162,,40,Blue House,35,35
1163,,,Wulff &amp; Konstali,,
1164,,,Koelschip,,
1165,,35,Cafe Castro,35,35
1166,,35,Chaophraya,35,35
1167,,,Mulgeo Blinis &amp; Bubbles Bar Torvehallerne,,
1168,40,35,Piccola Italia,30,30
1169,,,Rays,,
1170,,45,CASA MIA,45,45
1171,35,30,Flyvergrillen,30,35
1172,,,Hotfodogs,,
1173,,35,Meyers Deli,30,35
1174,,,The Tipsy Mermaid,,
1175,,,Cafe Grekenlandsvej,,
1176,,35,Restaurant Sanchez Copenhagen,35,25
1177,,,Asmara,,
1178,35,35,XO Burgers and Steaks,35,30
1179,40,35,Restaurant Sejlklubben Frem,40,35
1180,30,40,Thaiaway,45,40
1181,40,40,Jacobsen,35,35
1182,,30,Royal Bagel Copenhagen,35,35
1183,40,40,Ristorante Uno,40,35
1184,,40,Cafe No 11,40,35
1185,,,Il Gusto Giusto,,
1186,,40,Kosem,40,40
1187,,,Izumi Frederiksberg,,
1188,,,Grosen &amp; Falkenbergs,,
1189,,,Two Monkeys,,
1190,,,So Last Year 2nd Hand &amp; Coffee,,
1191,45,40,PS Bar &amp; Grill,30,35
1192,35,30,Cafe Trold,35,35
1193,,40,Monellies,45,40
1194,,,Kaffetarnet,,
1195,,45,Retreat,45,45
1196,,,Vinos Vinbar,,
1197,40,40,Magasasa,35,40
1198,,,The Sixteen Twelve,,
1199,,,Ambassadeur,,
1200,,40,Sukuri Sushi,40,35
1201,,40,Iki Sushi Ndr. Frihavnsgade,40,40
1202,,35,Holm's Cafe,35,30
1203,,35,LeLe Street Kitchen // Fisketorvet,35,30
1204,,,Karma Sushi - Trianglen,,
1205,,40,Cafe Mambo,40,35
1206,,40,Trattoria Italiana,40,35
1207,,,Bodega 54 V/Andreas Pfeif,,
1208,,35,Kiin Kiin To Go,35,30
1209,,35,Mamma Mokka extra,25,35
1210,,45,Mood Food,45,45
1211,,,Southern Sushi,,
1212,,,Brod,,
1213,,,Cafetid,,
1214,,,Ditto,,
1215,,30,The Market Italian,40,30
1216,,,Cafe Griffens,,
1217,,35,OL OG Grill,35,35
1218,,,Nordisk Falafel,,
1219,,35,Il Gabbiano,35,30
1220,45,45,No. 4 Ny Nordisk Tapas &amp; Vinbar,40,40
1221,,,Dhaba Reffen,,
1222,,,Bryggen 89,,
1223,30,40,Condesa Bar &amp; Spiseri,30,30
1224,,40,Senza Nome - Italian Restaurant,40,35
1225,,,Restaurant Nyhavn 41,,
1226,,30,Brasserie du Nord,30,30
1227,40,35,Nyhavns Hereford House,35,30
1228,,,Rallys,,
1229,,,Kinesisk Restaurant Yuan Hong,,
1230,,50,Restaurant Hercegovina,50,50
1231,,,Espresso House,,
1232,,,Kebabland II,,
1233,,,Kaffekilden I Carlsberg Byen,,
1234,,,Kolonial Pizza,,
1235,,40,Maexico,40,40
1236,,35,Charlottenborg Cafe,30,30
1237,,,Grod,,
1238,,,Paradis Koebmagergade,,
1239,,,Cafe Snork,,
1240,,,Risteriet Coffee Frederiksberg,,
1241,,30,Jasmin Rice,30,30
1242,,,1 DUANG JAI - Thai Restaurant,,
1243,,,Amazonia Cocktails and Kitchen,,
1244,,35,Nyu Sakura,35,35
1245,,,Meyers Bageri,,
1246,25,35,Pizzeria Spigad'oro Italiano Due,35,40
1247,,,Nino’s pizzaria,,
1248,,,Wok'N'Roll,,
1249,,,Bear Slice,,
1250,,,Sushi Best,,
1251,,,La Boca,,
1252,,30,B9 Vinbar,30,30
1253,,,Alice Ice Cream and Coffee,,
1254,,40,Restaurant Lynetten,40,45
1255,40,30,Jailhouse Restaurant,35,40
1256,,,Top Brewer,,
1257,,45,daellekatessen,40,40
1258,,40,Cafe Oslo Plads,40,40
1259,,,Sandwich27,,
1260,,,Sund Sult,,
1261,,45,Tino's Pizza,35,45
1262,,,Nozomi,,
1263,,40,Wokshop Cantina Frederiksberg,40,40
1264,,40,Petit Pate,35,35
1265,,,"Logismose Vin, Mad &amp; Delikatesser",,
1266,,35,Nyhavnscafeen,40,35
1267,,40,Floras kaffebar,35,35
1268,30,25,Restaurant Panorama,35,35
1269,,,Den Lykkelige Familie,,
1270,,45,Sakaki Sushi,45,40
1271,,,Fusion Monkey,,
1272,,,Espresso Huset,,
1273,,,Durum Bar Ost,,
1274,,,Cantinos,,
1275,,,Sushi Stop,,
1276,35,35,Shahi Restaurant,35,35
1277,,,Kolsters,,
1278,35,35,Sebastopol,35,30
1279,,,Cafe du Nord,,
1280,,35,Sunset Boulevard,35,35
1281,,40,Kaffebaren,35,40
1282,,,Jack's hole in a wall,,
1283,,,Noerreport Bodega,,
1284,35,35,Le President,35,35
1285,,,Indish,,
1286,,,The Handsome - Sandwich &amp; Coffee,,
1287,,,Cafe Nick,45,
1288,,,The Mudhoney,,
1289,30,30,Restaurant Rio Bravo,30,30
1290,40,40,Traktorstedet Rosenborg Slot,40,35
1291,,,Gasoline Grill,,
1292,,,Vandkunsten Sandwich Torvegade,,
1293,50,45,Tvermoesgaard Restaurant and Bar,45,45
1294,,,Kaffebaren Pa Amager,,
1295,,,Yum Yoga &amp; Cafe,,
1296,,45,Nikko Sushi,45,35
1297,,,Cafe Delight - Lunch Cafe,,
1298,35,30,Dupong,35,35
1299,,30,Price's diner Tivoli,35,30
1300,35,35,Como Trattoria,35,35
1301,,35,Selina Pizza,35,35
1302,,,Coffeesound,,
1303,,,Cafe Grabz,,
1304,,,Kato Sushi,,
1305,35,35,Promenaden Tivoli,35,35
1306,,40,Thai Kacha,40,40
1307,,,Bravissimo,,
1308,,30,Chopstix,35,30
1309,,35,Restaurant Hong Cheng,35,35
1310,,,Iki Sushi Gammel Kongevej,,
1311,,40,Massimo - Italiensk Pizzeria,35,35
1312,,,The Garden Cafe,45,40
1313,,40,Thai me up,50,40
1314,,35,Domo Restaurant,35,35
1315,,,Sultan shawarma,,
1316,,,Dhaba Indian street food,,
1317,,,Wafu Ramen,,
1318,,,Restaurant G,,
1319,35,35,Ny Zi Yang,35,40
1320,,,Pizzeria Trattoria Vecchia Milano,,
1321,,,M,,
1322,,,Grabrodre Kro,,
1323,,35,Restaurant China Garden,35,30
1324,,,Toast CPH,,
1325,45,,Sankt Nikolai,45,45
1326,,,The Irish Bull,,
1327,,,Teatro del Gusto,,
1328,,,Rumbles,,
1329,,40,Vi Moedtes Gennem Ruden,40,40
1330,,40,Columbia Cophagen,40,40
1331,,,Viadukt Cafe &amp; Restaurant,,
1332,,,Viben Fiskehus,,
1333,,,Hansens Flodeis pa Bryggen,,
1334,,,Miklagaard Pizza and Pasta,,
1335,,,Det Rene Brod,,
1336,,30,Pincho Nation,30,35
1337,35,40,Gefahrlich,35,35
1338,,45,Naked Fish,50,45
1339,,,The Corner,,
1340,,35,Brasserie Murdoch's Books &amp; Ale,40,35
1341,,,Kerne Pavillonen,,
1342,,,Rooty,,
1343,,,Isola di Lampedusa,,
1344,,,Y's cafe and cocktail,,
1345,,40,Kiin Kiin Tok Tok,40,40
1346,,,Sasaa,,
1347,,,Woo Wok,,
1348,,,La Vita Pizza Ristorante,,
1349,,,Schwein und Bier,,
1350,,40,Havnens BBQ,40,40
1351,,,Emmerys,,
1352,,,Jagger,,
1353,35,35,Couloir,30,35
1354,,,Tapa del Toro Tivoli,,
1355,,,The Real Greek Reffen,,
1356,,,Restaurant stigs vinkaelder,,
1357,40,40,Cafe Det Elektriske Hjoerne,35,35
1358,,,Pizzeria Kanalen,,
1359,,,Met Cph,,
1360,30,45,Sakura,45,35
1361,,,Osterberg Ice Cream,,
1362,,,Spaghetti Martelli,,
1363,,,Jagger Fast Food,,
1364,,50,Yoburger,50,50
1365,,,Tutten,,
1366,,,Frede &amp; Vester's,,
1367,,35,Vivah,30,35
1368,,,Kjaer Sommerfeldt,,
1369,,,Coffee No24,,
1370,,,Kaffe &amp; Vinbaren,,
1371,,,Veji,,
1372,,,The Burger Amager,,
1373,,,Kafferiet Christianshavn,,
1374,40,35,Nordlys Cafe og Spisehus,35,35
1375,,45,Karma Sushi Kodbyen,35,35
1376,,,Kodbyens Hoker,,
1377,,,JAGGER Fast Food,,
1378,,40,Lauras Bakery Vaernedamsvej,40,40
1379,,,KaffeVaerket,,
1380,,,Altanen,,
1381,,,Restaurant IDA Bryggen,,
1382,40,45,Letz Sushi Vesterbro,40,35
1383,,35,Guldmagerens Cafe,35,35
1384,,50,Cafe Georg,45,45
1385,,,Haven,,
1386,,,Den Fede Kylling,,
1387,,,Mit Konditori,,
1388,,,Den Plettede Gris,,
1389,,,Royal bagel,,
1390,30,30,Kaffesalonen,30,30
1391,30,35,LeLe Street Kitchen,35,35
1392,,,Cafe Julia &amp; Safija,,
1393,,,Le Kaff,,
1394,,,Italian Trattoria and wine bar -The Food Collective,,
1395,35,35,Le Diamant,35,35
1396,,,restaurant Promenaden,,
1397,,,Hiko Pizza og Sandwich,,
1398,,40,Curry Nation,35,40
1399,,,Foodcorner,,
1400,,,Lygtens Kro,,
1401,35,40,Bangkok,35,40
1402,30,35,Dalle Valle Amager,40,40
1403,,,Pizzeria Imperia,,
1404,,,Nittiya's Thai Takeaway,,
1405,,,90'eren,40,40
1406,,40,Rio Temakeria,45,40
1407,45,40,Skagen,35,35
1408,,35,Kul,35,30
1409,,,Thai House Take Away,,
1410,,,"Dispensary, Whisk(e)y &amp; Beer",,
1411,,,Nimb Vinotek,,
1412,40,35,Den Gyldne Okse,40,35
1413,,,Hansens Ice Cream Copenhagen,,
1414,,,Zahren Gourmet,,
1415,,,The Reception Cocktail Bar,,
1416,,,Kimchi,,
1417,,,KaffeBroen,,
1418,,,The Spoon Company,,
1419,,40,Sikhiu Thai Restaurant,45,40
1420,,,Classic Pizza FRB.C.,,
1421,,,Crepe'tastic,,
1422,,30,MyPoke,30,25
1423,,,Kaffestuen,,
1424,,,Sticks ’n' Sushi,,
1425,,,Dilis,,
1426,,,San Marzano,,
1427,,40,BobbaBella,35,40
1428,,,Respect by Plant Power Food,,
1429,,,Hos Slagteren,,
1430,,,Restaurant India Vanlose,,
1431,,,The Lab Kitchen,,
1432,,,Islands Brygge Wok,,
1433,,35,Overfor,35,30
1434,,,Uganic,,
1435,,,Da Misto,,
1436,,,Take'n Eat,,
1437,,,Joe &amp; the Juice,,
1438,,,Formaggio Pizza,,
1439,,,Mad Synergi,,
1440,,,Lima by Mercedes,,
1441,,,Cafe Antique,,
1442,,,Cafe Noura Antik,,
1443,,35,O's American Breakfast &amp; Barbeque,40,35
1444,,,Joe &amp; the Juice,,
1445,,,Quattro Stagioni,,
1446,,,Paleo Waterfront Shopping,,
1447,,,Kod &amp; Bajer,,
1448,,,Sansab,,
1449,,,Chela Empanadas Aps,,
1450,,,Kulinaris,,
1451,,,Sandwich Pigen,,
1452,,,La Piazza,,
1453,,,Reinh. van Hauen Nordre Frihavnsgade,,
1454,,,Musik-conditoriet,,
1455,,,Bello e Buono,,
1456,45,45,Kaelder 12,40,45
1457,,,KaffeLaden,,
1458,,,Joe &amp; The Juice,,
1459,,50,Restaurant von Plessen,45,40
1460,,,Enghave smoerrebroed,,
1461,,,Danhostel Copenhagen City,,
1462,,,Cafe Manefiskeren,,
1463,,,Cafe 1620,,
1464,,,Shamyat Halawiyat,,
1465,,,Cock’s &amp; Cows Tivoli,,
1466,,,Parc Ferme,,
1467,,,PancakeQueen,,
1468,,,Frederiksberg Ismejeri,,
1469,,,Isvaerket,,
1470,,40,Cafe Taenk,30,30
1471,,45,Cavallino Pizzeria,40,
1472,,,Hanegal,,
1473,,,VeVe Bistro,,
1474,,,Borgerkroen,,
1475,,30,Centrum Smorrebrod,35,30
1476,,,Cafe Slusen,,
1477,,,La Carmela Pizzeria e Birrateque,,
1478,,,Cafe Du Nord,,
1479,,,Nordisk Brod,,
1480,,,Alimentari,,
1481,,,Samosa House,,
1482,,,Bryghus,,
1483,,,Cravings - Cupcakes &amp; Kager,,
1484,,,Tony's Osterbro,,
1485,,,Sjus Bar,35,30
1486,,,Restaurant Le Basilic.,,
1487,,,Letz Sushi Nordhavn,,
1488,30,35,Dong Yuan,30,35
1489,,,MyPoke,,
1490,,40,Snapstinget,40,35
1491,,,Pompette,,
1492,,35,Tapas Amor,35,40
1493,,,Peryton,,
1494,,,Juicy Burger,,
1495,,,Paloma Vermut Cafe,,
1496,40,35,Bacino,35,30
1497,,,Cafe Cheftali,,
1498,,,Mattsson Nielsen,,
1499,,,Snack &amp; Blues,,
1500,,,Kaffekilden,,
1501,,,OliOli,,
1502,,40,Letz Sushi Frederiksberg,35,30
1503,,,Nostos,,
1504,,,Tapa del Toro,,
1505,,,Frankies Pizza Norrebro,,
1506,,,Grabz,,
1507,,,Cafe World,,
1508,,,Madore,,
1509,,,Limar,,
1510,,30,Rock Bar Royal,30,25
1511,,,Letz Sushi Valby,,
1512,,,Aloha,,
1513,,,The Grid,,
1514,,,Blagards Kebab,,
1515,,,La Centrale,,
1516,,,Det Gronne Kokken,,
1517,,,Joe &amp; The Juice,,
1518,,,Juice'It,,
1519,,,Basal,,
1520,,40,Teppan House ApS,30,40
1521,,,Cafe Tilda,,
1522,,,Cafe La Tete,,
1523,,,Scamorza,,
1524,,,Riccos Kaffebar,,
1525,,40,Quatru Fontane,45,45
1526,,,Cafe Georg,,
1527,,,Letz Sushi Amager,,
1528,,,Klai's,,
1529,,,Rohan Indian Restaurant,,
1530,,,Green Buddha,,
1531,,,Tove Smorrebrod,,
1532,,,Rbabarrab Olbar,,
1533,,,Olivaceous,,
1534,,,Bindia,,
1535,,,Leonard's,,
1536,,,Aroii Thai Takeaway,,
1537,,,D.D. Thai Take Away,,
1538,,,Sikhui,,
1539,,,Zorro Pizza,,
1540,,,Opera Cafe,,
1541,,,Phailin Thai Kitchen,,
1542,,,Bagelsringen,,
1543,,,Botanisk Haves Cafe,,
1544,,,Mille's Minis,,
1545,,,Burgerklubben,,
1546,,,Sushi Station,,
1547,,,Dinewithus,,
1548,,,Kaffe K,,
1549,,,Us Sandwich APS,,
1550,,,Ostergro,,
1551,,,Favorit Baklavici,,
1552,,,Calories,,
1553,,,Ostehjornet,,
1554,,,Damhuskanten,,
1555,,,Funder,,
1556,,35,Cafe Livingstone,30,30
1557,,,TATA - Cocktailbar,,
1558,,40,Pasha Kebab,35,40
1559,,,Bageren I Nansensgade,,
1560,,35,Cafiola,40,35
1561,,,Resturant Baglokalet,,
1562,,,A San Sushi,,
1563,,,Nr. 30,,
1564,,,Koi Sushi,,
1565,,35,Gaarden &amp; Gaden,30,30
1566,,,Phago,,
1567,,,Koshari-Egyptisk Vegetarisk Street Food,,
1568,,40,The Organic LAB,35,30
1569,,,Pronto Pizza III,,
1570,,,Bar Rouge,,
1571,,,Lagkagehuset,,
1572,,,Kabys,,
1573,,,Sorte Firkant,,
1574,,,Lagkagehuset,,
1575,,,Brasserie Jacobsen Illum Rooftop,,
1576,,,Restaurant Skipperkroen,,
1577,,,Tex Mex,,
1578,,,Baguette Company,,
1579,,,Fitnesso,,
1580,,,Shabaz Kaffebar &amp; Kokken,,
1581,,,Sweet Valentine,,
1582,,,Iki Sushi Vesterbro,,
1583,,,Coffee Industry,,
1584,,,Shakes and Cakes,,
1585,,,Her Er Ro Pub,,
1586,,30,Tandoori Masala,40,35
1587,,,Mit Lille Kokken,,
1588,,,Mahalle,,
1589,,,Stefanos Mad og Kaffe,,
1590,,,Polsevognen ved Norrebro Runddel,,
1591,,,Cafe Oum,,
1592,,35,Tigermom,35,30
1593,,35,SuSu Sushi og Nikkei Restaurant,40,40
1594,,50,Badstuen,50,50
1595,,,Poonchai Thai Restaurant,,
1596,,,Pandekagehuset Norrebro,,
1597,,,Juicy - Noerregade 53,,
1598,,,Mokkariet - Odensegade,,
1599,,,Grabs Deli,,
1600,30,30,L'Olivo,30,25
1601,,,"Burger Shack, Carlsberg Byen",,
1602,,,Bike and Bake,,
1603,,,Gastronomia Candido,,
1604,,,Wedofood,,
1605,,,Restaurant Napa,,
1606,,,Donna Wood,,
1607,,,Tasty Fresh Food,,
1608,,,Karens Minde Kulturhus,,
1609,,,Min nye kaffebar,,
1610,30,30,Indian Restaurant Maharaja,30,25
1611,,35,August B,35,35
1612,,,Cafe Gaest,,
1613,,,Tempo,,
1614,,35,Ziang Nan,40,35
1615,,,Eclipse,,
1616,,,The South Indian Valby,,
1617,,50,Eattoday,45,45
1618,,,Gastronetten,,
1619,,,Pizzaria Cavallino,,
1620,,,Cafe Bjerget,,
1621,,,La Mensa Di Benito,,
1622,,40,Dondon,35,45
1623,,,Baker's Juice Cafe,,
1624,,35,Letz Sushi,30,30
1625,,,Unica,,
1626,,,Sawaddee,,
1627,,30,Restaurant Maharaja - Frederiksberg,40,30
1628,,,Tap10,,
1629,,,Pizza Central,,
1630,,,Rebel Food,,
1631,,35,Nibon Ya,30,30
1632,,,Il Tagliere,,
1633,,35,Cock's &amp; Cows Kodbyen,30,25
1634,,35,Magasasa Vesterbrogade,30,30
1635,,,Thai Gourmet Takeaway,,
1636,,,Cafe Engholmen,,
1637,,,Ninja Tapas,,
1638,,,Yan Yan Restaurant,,
1639,,,Pizza Palads,,
1640,,,Riccos Kaffebar Magasin du Nord,,
1641,,,Cuisine Et Florie,,
1642,,,Italiensk Gastronomi Da Giovanni,,
1643,,,Fedtekaelderen,,
1644,,35,Phoenix,35,35
1645,,,Fidel's,,
1646,,,Form Bar,,
1647,,35,Restaurant Sahara,35,40
1648,,,Cafe Amokka,,
1649,,,Tacos Chilangos,,
1650,,,Harbo Bar,,
1651,,,Kafe Krone,,
1652,,,No. 31 - Wine &amp; Food,,
1653,,,Brazaria,,
1654,,,Nordisk Brodhus,,
1655,,,Fisk &amp; Faerdigt,,
1656,,30,La Liberta,30,30
1657,,,Cafe Staerkodder,,
1658,,,Dark Waiter,,
1659,35,30,M.G. Petersens Familiehave,30,30
1660,,,Fala Fala,,
1661,,,Sauvage,,
1662,,,Restaurant Element,,
1663,,,THAIAWAY,,
1664,35,35,Cafe Phenix,35,35
1665,,,Den Franske Bogcafe,,
1666,,,Cafe A,,
1667,,,Pizzeria Villanova,,
1668,,,MyPoke Norrebro,,
1669,,,Chicks by Chicks,,
1670,,,The Pizza Bro,,
1671,,,Galaxe Pizza Bar,,
1672,,,Efess Pizza Bar,,
1673,,,YOmmi Frozen Yogurt,,
1674,,35,Wokbaren Spicylicious,40,35
1675,,,Ristorante La Porchetta,,
1676,,,Smeralda Copenhagen,,
1677,,,Burgers King,,
1678,,40,Gastronomia Italiana,35,40
1679,,,Cafe Kongedybet,,
1680,,,Dam Good Goodies,,
1681,,,Letz Sushi Islands Brygge,,
1682,,,Vestford Manor,,
1683,,,La Foretta,,
1684,,,Kiin Kiin 71 omakase,,
1685,,,VACA - Trianglen,,
1686,,,Kababji Grill,,
1687,,,Minas Kaffebar,,
1688,,,Wai Mai,,
1689,,,Ipanema Cafe,,
1690,,,Yokoso Sushi,,
1691,,,Asap Food,,
1692,,,Baggard 27,,
1693,,,La Cipa Pizzaria,,
1694,,,Emmerys,,
1695,,,Tokyo Sushi,,
1696,,,Shawarma Huset,,
1697,,,Pub 53,,
1698,,,Vores Marked,,
1699,,,Cafe Lille Peter V.Sild - Per Krog,,
1700,,,Blaaregn,,
1701,,,LeLe Street Kitchen,,
1702,,,Woodomi,,
1703,,,Vietnam House,,
1704,,,Katsura Sushi,,
1705,,,Bella Italia,,
1706,,,Boheme Kaffebar,,
1707,,,Vinbodegaen Frederiksberg,,
1708,,,Tomasito - Cozy Coffee,,
1709,,,Ismejeriet Tivoli,,
1710,,,Den okologiske poles and,,
1711,,,Joe &amp; The Juice,,
1712,,,Hugo's Pizzaria,,
1713,20,30,Kyoto Restaurant,30,25
1714,,,Underwood Ink,,
1715,,,Enigma Kantina,,
1716,,,The Rusty Jiggar,,
1717,,,CC Restaurant Sushi &amp; Wok,,
1718,,,Islands Brygge 21,,
1719,,,Bentzons Pizzaria,,
1720,25,40,Fu Wa Restaurant,20,35
1721,,,Vintage Coffee,,
1722,,,Lagkagehuset,,
1723,,,Street Polenta,,
1724,,,Uden Ben,,
1725,,,Wok Inside,,
1726,,,Oishi Sushi,,
1727,,,Tit Is,,
1728,,,Grand Teatret,,
1729,40,35,Tapas G.,30,30
1730,,,Mae Pen,,
1731,,,Limdim,,
1732,,,Indian Tandoor Restaurant,,
1733,,35,Cafe Noa'h,40,35
1734,,,Curry Club,,
1735,,,Front bistro &amp; bar,,
1736,,,Sala Thai Mad,,
1737,,,Motley,,
1738,,,Kosmos K,,
1739,,,RaJuize,,
1740,,,Kantina,,
1741,,,The Bagel CO,,
1742,,,Joe &amp; The Juice,,
1743,,,Fovl,,
1744,,,Ciderbar,,
1745,,,Nye Tider,,
1746,,,Veneto Pizza,,
1747,,,Cafe Taenk,,
1748,,,Rossopomodoro,,
1749,,,Passion Pizza,,
1750,,,Havnegade Fiskehandel,,
1751,,,Gastronomia Italiana,,
1752,,30,Dhaba Indian Street Food,30,30
1753,,,Ehlers Bageri,,
1754,40,30,Cafe AE,35,35
1755,,,Neru,,
1756,,,Cafe Ocean,,
1757,,,Cafe A,,
1758,,,Cafe Midtown Bar,,
1759,,,Cake  Chalet,,
1760,,,The Bar,,
1761,,,1408,,
1762,,,Restaurant Folk,,
1763,,,Egils Deli,,
1764,,,CCR Sunde Kokken,,
1765,,,Piccola Cosi,,
1766,,35,Vapiano Tivoli,30,30
1767,,,Coffee Licious,,
1768,,,Lin's Sushi,,
1769,,,Tuttitalia Trattoria Pizzeria,,
1770,,,Pizza Gallery Ravnsborggade,,
1771,,,The Bagel Bite,,
1772,,,Cafe Vand og Brod ApS,,
1773,,,VinBaren i Stefansgade,,
1774,,,Byens Bogcafe,,
1775,,,OISHI Sushi,,
1776,,,Kaffehytten,,
1777,30,35,Hanoi,30,30
1778,,35,Tacopop,,30
1779,,,Jagger Kobmagerade,,
1780,,,D'jungle Juice Amager,,
1781,,,Rice and Rice,,
1782,,,Smorrebrodsforretningen,,
1783,,,Sunset Boulevard,,
1784,,,Bubbles,,
1785,40,30,Taco Diner,35,30
1786,,,Hermes Antik &amp; Kaffebar,,
1787,,,Grand Cafe Field's,,
1788,,,H Kitchen,,
1789,,25,Restaurant Meadow Garden,40,25
1790,,,Darling,,
1791,40,40,Il Pane di Mauro,35,35
1792,,30,Rice and Rice,30,25
1793,40,35,Louise,35,25
1794,,,Tampopo,,
1795,,,India,,
1796,,,Kobenhavns Oktoberfest,,
1797,,,Maesk Diner,,
1798,,35,Cock's &amp; Cows Prags Blvd,35,35
1799,,,Monastic,,
1800,,,Cafe Hyggestuen,,
1801,,,The Bagel Co,,
1802,,,Marrakesh Kitchen,,
1803,,,Mon Amour Patissier - Glacier,,
1804,,,Cheesecake Huset,,
1805,,,Madonna Burgerbar,,
1806,,,BarPasta,,
1807,,30,Guldkroen 11,30,25
1808,,,Send flere krydderier,,
1809,,,Piccolino Pizzeria &amp; Sandwichbar,,
1810,,,Figaro,,
1811,,,K15,,
1812,,,La focaccia,,
1813,,,Barburrito,,
1814,,,CPH Burger &amp; Steakhouse,,
1815,,,El Guanche,,
1816,,35,Kinesiske Mur,35,35
1817,,,Cafe T,,
1818,,,Yolkie Egg Joint,,
1819,,,Cafe Dubai,,
1820,,,Praetoria bar,,
1821,,35,Th. Soerensen,30,25
1822,,30,Wabiwabi Sushi &amp; More,20,25
1823,,,Dragon Grill Express,,
1824,,,The Set,,
1825,,,Biblioteket Danasvej,,
1826,,,Pizzeria Pepe,,
1827,30,30,Sultan Palace,30,35
1828,,,New Tokyo Sushi,,
1829,,,Axolotl,,
1830,,,Cafe Palads,,
1831,,,Radhusstraede BAGEL &amp; SALATBAR,,
1832,,,7 Eleven,,
1833,,,Palaeo Frederiksberg Center,,
1834,,,Cafe Paris,,
1835,,,MAUI Reykjaviksgade ApS,,
1836,,,Cafe Baggarden,,
1837,,40,Kroyers,40,35
1838,,,Suyiyaki Japansk Restaurant,,
1839,,,Karamba,,
1840,,,Antico Forno a Legna,,
1841,,,Il Borgo,,
1842,,,Gulluoglu,,
1843,30,35,cafe Emil,35,35
1844,,,Bryggen11,,
1845,,30,Mat Copenhagen,25,30
1846,,,Hunkar Restaurant,,
1847,,,Letz Sushi Norrebro,,
1848,,,Sunset Boulevard,,
1849,,,Kopan Street,,
1850,,,Bedste kaffebar i kbh,,
1851,,,Stuen 11,,
1852,,,Pejsegaarden,,
1853,,,Green &amp; Yellow Restaurant,,
1854,,,Isklubben CPH,,
1855,,,TS Smorrebrod,,
1856,,,Okawari Sushi,,
1857,,,Riccos Kaffebar,,
1858,,,Cafe Arcade,,
1859,,,Laboca,,
1860,,,Den Go'e Kaffebar,,
1861,,,Lagkagehuset,,
1862,,,Sushi2500,,
1863,,,Rosengarden Bodega,,
1864,,,Vietnam Quan,,
1865,,,Julios Pizze Cucina (Marios Express Pizza),,
1866,,,Legi Legi,,
1867,,,Lagkagehuset,,
1868,,,Cafe Betty Aps,,
1869,,,Cafe Delfinen,,
1870,,,Styrmanden Cafe-Restaurant,,
1871,,,Teglholmens-Cafe,,
1872,,,Ost deli,,
1873,,30,Akiba Sushi &amp; Wok,25,30
1874,,,Cafe Grusgraven,,
1875,,,Cafe Two o Two,,
1876,,,Bellmans cafe,,
1877,,,Cous Cous,,
1878,,,Bulko,,
1879,,,Fuyi,,
1880,,,Cafe Le Rouge,,
1881,,,Cafe La Grotte,,
1882,,,Orientalsk Steak House,,
1883,,,Bavnehoj Smorrebrod &amp; Sandwich,,
1884,,,Thaiaway,,
1885,,,Mozarts grill,,
1886,,,Kebab Street kitchen,,
1887,,20,Cucinetta,20,20
1888,,,Intermezzo,,
1889,,30,Mediterranean Kitchen,35,30
1890,,,Wedofood,,
1891,,,Flisen Bar &amp; Burgers,,
1892,,,Sushiya,,
1893,,,Sushi Time,,
1894,,,King Of Kebab Pizza &amp; Grill,,
1895,,,Cafe B,,
1896,20,30,Just Thai,30,35
1897,,,YamYam,,
1898,35,35,Cafe casa denmark,35,35
1899,,,Olsen,,
1900,,,Kaffebaren Soender Boulevard 68,,
1901,,,Giin Khao,,
1902,,,Det go'e Smoerrebroed,,
1903,,,The Green Corner,,
1904,,40,Mama Mia,40,40
1905,,,Rosenborggade,,
1906,25,30,Rendez,40,30
1907,,,Cafe La Bella Ristorante,,
1908,,,Gusto Italiano,,
1909,,,Sydhavnens Pizzaria,,
1910,,,Cafe La Vento,,
1911,,,Malta Cafeteria Og Selskabslokaler,,
1912,,,Tacos Chucho,,
1913,35,35,El Porron,35,30
1914,,,Lounge V120,,
1915,,,Cafe Maroc,,
1916,,,Osteriet &amp; Ko,,
1917,,,wokAmok,,
1918,40,40,Amarone,35,35
1919,,,Il Paradiso,,
1920,,,Gorm bakery,40,45
1921,,25,DFDS Restaurant Little Italy,35,30
1922,,,Joe &amp; The Juice,,
1923,,,The Harbour Grill,30,
1924,40,35,Vietnam,40,40
1925,,,Mecca,,
1926,,45,Vi Viet,45,45
1927,,,Spicy Lounge,,
1928,,,King Chicken,,
1929,,,Gelato Italiano,,
1930,,,Pizza Dronning Regina,,
1931,,,Min Sandwich,,
1932,,30,Woodhouse Lounge,25,30
1933,,30,Lou Lou,35,25
1934,,,Grab ’n' Go Burgers,,
1935,,,AC Lounge,,
1936,,,Halmtorvet 9,,
1937,,,Foodish,,
1938,,,Sumo Sushi,,
1939,,,Shiimi - A New Taste of Thailand,,
1940,30,35,Elefanten,30,30
1941,,,Beduin Bar,,
1942,,,Nena's,,
1943,,,Cafe Suhrs,,
1944,,,Mr. Rice,,
1945,,,Middelgrundsfortet,,
1946,,,Brod Vaerten,,
1947,,,Sweet Giulia,,
1948,,,Brasseriet,,
1949,,,Smorhullet,,
1950,,,Thali,,
1951,,,Columbia Chicken &amp; Burger,,
1952,,30,Restaurant Eldorado,30,25
1953,,,Restaurant Fodkold,,
1954,,,Kuzhi,,
1955,,,Ishuset,,
1956,,35,YoSushi,35,30
1957,,,hotel Amerika,,
1958,,,Straedets Kaffebar,,
1959,,,Cafe Temptation,,
1960,,,Jabob's Bageri,,
1961,,,Um Hanza,,
1962,,35,Cafe Phenix,35,35
1963,,,Roma Pizzeria &amp; Grill,,
1964,,,Blomst,,
1965,,,Cafe Bambu,,
1966,,,Hiko Pizza,,
1967,,,Burger Palace,,
1968,,,Philly's Denmark,,
1969,,,ArkArd,,
1970,,,7-Eleven,,
1971,,,Kodbyens Rosebar - Copenhagen Meatpacking District,,
1972,45,40,Letz Sushi Osterbro,40,35
1973,,,Stubben Cafe &amp; Bar,,
1974,,,Nordic Noodles,,
1975,,,Cafe Restaurant Bar Hollywood,,
1976,,,Arket,,
1977,35,35,Indian Flavours,35,40
1978,,,Cafe Globetrotter,,
1979,,,Carl's Madhus,,
1980,30,35,India Palace Restaurant,35,30
1981,,,Kebaben,,
1982,25,35,Indiana Mexican Restaurant,35,35
1983,,,Cafe Danasia,,
1984,,,Great China,,
1985,35,30,Cafe Sundet,30,30
1986,,25,Guldgrillen,25,25
1987,,,Rosetta Delikatesser,,
1988,,,Teglvaerket,,
1989,35,35,Barock,30,30
1990,30,30,Jin Cheng,35,35
1991,,,Hansens Is Kaffe,,
1992,,,Atletica,,
1993,30,35,Restaurant Barcelona,35,30
1994,,,Dorfs Gastrobar,35,
1995,,,Strand Pizza,,
1996,,,XO Burgers and Steaks,,
1997,,,Mocca Kaffebar,,
1998,,30,Restaurant Laura,30,30
1999,,,Nubilo Pizza,,
2000,,,Cafe Koebenhavn,,
2001,,,Pizza House,,
2002,,,Cafe Ludwigsen,,
2003,35,30,Senorita Mexicansk Restaurant,35,30
2004,,30,Backstage Bar &amp; Restaurant,30,30
2005,,35,Letz Sushi fisketorvet,30,30
2006,,,Hennings Corner,,
2007,,,Sicilia Pizzeria,,
2008,30,30,Canton Restaurant,30,30
2009,,,McDonald's Kongens Nytorv,,
2010,,,Wedo burgers,,
2011,,,Carisma ApS,,
2012,,,The Old Irish Pub,,
2013,,,Eataly,,
2014,,,Kashmir,,
2015,,,Fisch-Art,,
2016,,30,Fuji sushi,30,30
2017,,,Baobab,,
2018,,30,7 Seas Restaurant,30,25
2019,,,Restaurant Babylon,,
2020,30,25,Pirateriet,30,25
2021,,30,Happy Sushi,40,35
2022,,,Bobuska,,
2023,,,Chuck &amp; Cherry,,
2024,,,Mamma's,,
2025,,,Stefanos Groenne Hjoerne,,
2026,,,Palermo Pizza,,
2027,,,Nachos,,
2028,,,7/11,,
2029,,35,Kafeteria,35,30
2030,,30,Kellerdirk,40,30
2031,,,Retreat,,
2032,,30,Maggies,35,30
2033,,35,Cafe A,35,40
2034,,,Bodega Tivoli Vinstue,,
2035,25,30,Restaurant Royal Palace,30,30
2036,,,Cocolo,,
2037,,,Restaurant New Ankara,,
2038,30,25,Vestauranten,30,20
2039,40,35,Cafe Bopa,30,35
2040,,,McDonald's,,
2041,,,Kervan,,
2042,,,VACA - Mexican Finger Food,,
2043,30,30,Wan Hao,40,40
2044,,35,Mama Rosa,35,30
2045,,35,Pause,35,40
2046,,,Indian Ocean,,
2047,35,30,Restaurant Nova,30,30
2048,,,Kagevaerket,,
2049,,,Restaurant Balkonen,,
2050,35,35,La Sirene,30,30
2051,,,Kaelderen 13,,
2052,,,Punjabi,,
2053,,,Kentucky Fried Chicken,,
2054,,25,PS Bar,20,15
2055,,30,Mama Rosa,30,25
2056,,,Dana,,
2057,30,25,Den skaldede Kok,30,25
2058,,,Thai2You,,
2059,,,The Potato Factory,,
2060,25,30,Axelborg Chinese Restaurant,30,30
2061,,25,Medina,25,30
2062,,,Mat 99,,
2063,,30,Pizzaport Femoren,30,30
2064,,,Benvenuti Pizzeria Emdrup,,
2065,,,Spise/Bar15,,
2066,,,Chinos,,
2067,,,Lazio Italiano,,
2068,,,Gastronomia Italiana Dieci,,
2069,,,Thaiboksen,,
2070,30,25,The Viking House,30,30
2071,,25,Nachos Vesterbrogade,25,25
2072,,,Dwaraka Indisk Restaurant,,
2073,,30,Cafe Emma,25,25
2074,,25,Venus Pizzeria,25,30
2075,,,Salonen,,
2076,,,Praeg Kaffebar,,
2077,,20,Konnild's,25,25
2078,,,Kujaku,,
2079,,,Copenhagen Diner 'n' Steak,,
2080,,,Cafe Restaurant Hollywood,,
2081,,25,Asian Palace,25,25
2082,,,McDonald's,,
2083,,,Joe &amp; The Juice,,
2084,,,Blox Eats,,
2085,,,Bagel Factory,,
2086,30,30,The American Restaurant &amp; Diner,30,30
2087,,,"Cafe""Clouseau",,
2088,30,30,Cafe Ultimo,25,25
2089,25,25,Restaurant OASI'D ITALIA,30,25
2090,,25,Cafe Dan Turell,25,20
2091,,25,Cafe Stafetten,25,25
2092,,,Mint By India Royale,,
2093,,40,Pasta Mania,40,35
2094,,,Kung Fu Street Food Tivoli Food Hall,,
2095,,,MammaMia,,
2096,,,Go Away,,
2097,,,Cafe Wok,,
2098,,,Pizzeria Leo - Solvgade,,
2099,,,Cafe Q,,
2100,25,25,Restaurant Beijing,25,30
2101,,,Almanac,,
2102,,,RicenCurry,,
2103,30,30,Kafe Kapers,25,25
2104,,,Crispy Pig,,
2105,,25,Cafe Cornelius,25,25
2106,25,25,Cafe CiCi,25,25
2107,,,Star Midnight Kebab-Grill,,
2108,,,La Coruna Pizza,,
2109,,,McDonald's,,
2110,,,Copenhagen Asian Food,,
2111,,,Restaurant Sunnyside,,
2112,,,Den sorte gryde,,
2113,,30,Bofhus,30,30
2114,,,China,,
2115,,,Burger King,,
2116,,,Cafe A,,
2117,,,Burgerklubben,,
2118,,,Sunset Boulevard,,
2119,30,25,Ristorante Santoni,25,25
2120,,30,Gorm's Fisketorvet,25,25
2121,,30,Foodmarket - Terminal 2,30,25
2122,,,Flintholm Sushi - Running Sushi Og Take Away,,
2123,,,Yoburger,,
2124,,,Khorn Vesterbro,,
2125,30,30,Eros,35,35
2126,,,Montgomerycph,,
2127,,30,Upper Crust,25,20
2128,,30,Cph Asian Food,35,35
2129,,20,Richmond Hotel Restaurant,30,25
2130,,20,Constellation Burger,30,25
2131,,,The Jock,,
2132,,30,Aviator Lounge,30,25
2133,25,20,Big bowl,30,25
2134,,,Cafe-Pavillonen,,
2135,,15,Hong Kong Restaurant,20,20
2136,,25,Tapas Revolution,25,20
2137,,40,HC Andersens Cafe,40,35
2138,15,20,Dan Dan Restaurant,15,15
2139,,25,"KFC, Radhuspladsen",25,20
2140,,,Original Coffee Nordhavn,,
2141,,40,Kebaben,40,40
2142,30,25,Scandi Cafe,30,25
2143,,30,America's Grill,30,25
2144,15,15,Kokken &amp; Karry,20,15
2145,,10,Yam Yam,25,10
2146,,,Krunch,,
2147,,20,Cafe Sari,15,15
2148,,20,Den Sorte Gryde,25,20
2149,,,Burger King Frederiksborggade,,
2150,30,25,City Kroen,30,25
2151,25,20,The Taco Shop,25,20
2152,,30,Restaurant Provianten,30,25
2153,,20,Ammessi,25,20
2154,25,30,Nachos Mexican Restaurant,30,30
2155,,,Grill 110 &amp; Sandwich,,
2156,,25,Hereford Steak House &amp; Cafe New York,20,20
2157,,30,Sushibar Fields,30,25
2158,,35,Express Pizza,45,45
2159,25,30,Restaurant Parnas,30,25
2160,,,Kaktus,,
2161,,,Cafe Hannemann,,
2162,,,Hovedindgangen,,
2163,,,Restaurant TOLV,,
2164,,,Amigo Pizza &amp; Grill,,
2165,,,Ristorante &amp; Pizzeria Il Rustico,,
2166,,,Spiseloppen,,
2167,,,Restaurant Kliche,,
2168,,,Poporoya,,
2169,,,Rouge Oysters,,
2170,,,The Mexican Donkey,,
2171,,,Teteria,,
2172,,,Kong Pizza,,
2173,,,Motto Bar &amp; Trattoria,,
2174,,,Easylunch,,
2175,,,Garbanzo,,
2176,,,Aosta Pizza,,
2177,,,SunShake,,
2178,,,Hverdagen,,
2179,,,The Shrimp,,
2180,,,Mr. Bagel,,
2181,35,35,Restaurant Amalfi,35,30
2182,,,Osteria 16,,
2183,,,Vingaarden - Enoteca E Pizzeria,,
2184,,,Friheden,,
2185,,,Restaurant Kongen,,
2186,,,Cafe Badklubben,,
2187,,,Greta's,,
2188,,,Small Three Gorges Restaurant,,
2189,,,Ganesha,,
2190,,,Wok92,,
2191,,,Rebel Food,,
2192,,,Izumi Sushi,,
2193,,,Bereket Pizzeria,,
2194,,,Norrested,,
2195,,,Shawarma Kebap Palace,,
2196,,,Sasula,,
2197,,,Zula Restaurant,,
2198,,,Fonden Wonderful,,
2199,,,Amager Pizza Palace,,
2200,,,Intensia,,
2201,,,Cafe N,,
2202,,,Cafe Garagen,,
2203,,,A Terre,,
2204,,,Sydhavnens Polsevogn,,
2205,,,Molana,,
2206,,,Cafe Toasty,,
2207,,,Venligbo,,
2208,,,lily's Valhalla,,
2209,,,Thapa's Restaurant,,
2210,,,Stefanos Pizzabar,,
2211,,,Jakobsens Pita,,
2212,,,Square Burger,,
2213,,,The American Pie Company,,
2214,,,Lily’s,,
2215,,,Adria Pizza Kastrupvej,,
2216,,,Sheddy's CPH,,
2217,,,Mooch,,
2218,,,Lille Istanbul,,
2219,,,Jagger,,
2220,,,Bronshoj Bistro,,
2221,,,Blue Raven,,
2222,,,233 Sportsbar &amp; Restaurant,,
2223,,,The Fat Greek,,
2224,,,Restaurant Shish,,
2225,,,Storm B Cafe,,
2226,,,Thai take away / Ning Mao (Ning's Thai),,
2227,,,PizzaTime 2,,
2228,,,Espresso House,,
2229,,,Ahoy Bar,,
2230,,,Gasoline Grill,,
2231,,,Osterbro Madhus,,
2232,,,Pilegarden,,
2233,,,Vivaldi Pizzabar,,
2234,,,Desi Corner,,
2235,,,Crepes a la Cart,,
2236,,,Cafe' PhoneDoktor,,
2237,,,Cafe Palmehaven,,
2238,,,Shabaz - Kaffebar &amp; Kokken,,
2239,,,El Barrio,,
2240,,,Dido Durum House,,
2241,,,Rosetta,,
2242,,,Caesars Kokken (Caesars Kitchen),,
2243,,,Esperia Pizza,,
2244,,,Sydvest Bodega,,
2245,,,Milano Pizzabar,,
2246,,,Evoo,,
2247,,,Vinskabet,,
2248,,,Spicy Indian,,
2249,,,Den Gronne Bonne,,
2250,,,Kebab Amigo,,
2251,,,Batin,,
2252,,,Social Foodies,,
2253,,,Ristobar,,
2254,,,Curry House,,
2255,,,Palaeo,,
2256,,,Blasen,,
2257,,,Aladdins Pizzeria &amp; Grillbar,,
2258,,,Cupenhague,,
2259,,,Flavio's kitchen,,
2260,,,F'eta Kai Eli'es,,
2261,,,Mo's Pizza,,
2262,,,Cafe Heaven,,
2263,,,My Sushi,,
2264,,,Nummer Fem CPH,,
2265,,,McDonald's,,
2266,,,Froogi,,
2267,,,Break,,
2268,,,Esperia,,
2269,,,Istanbul Grill,,
2270,,,Natcafeen,,
2271,,,Made Restaurant &amp; Cocktails,,
2272,,,Restaurant Ma,,
2273,,,Mozarts Bodega,,
2274,,,Glamourpuss,,
2275,,,13z Cafe &amp; Studio,,
2276,,,LiA Gelato,,
2277,,,Figaros Pizza,,
2278,,,Latitude Cafe,,
2279,,,Mimos Fresh Bite,,
2280,,,Pasta du Nord,,
2281,,,Boulebar Carlsberg Byen,,
2282,,,Couloir - No.35,,
2283,,,Fat Toast,,
2284,,,Bindia,,
2285,,,Ninova Pizza &amp; Pasta,,
2286,,,King Chicken,,
2287,,,Drommer Pizza,,
2288,,,Ciao Italian Quality  Food,,
2289,,,Clausens sandwich og juice,,
2290,,,Zi Sushi,,
2291,,,Lime,,
2292,,,1001 Nat Pizza,,
2293,,,Joe &amp; The Juice,,
2294,,,Spiseriet,,
2295,,,Skelbaekgade 42,,
2296,,,Esperia Pizzabar 2000,,
2297,,,Klokken Kobenhavn,,
2298,,,Sushi Style,,
2299,,,Den Persiske Kat,,
2300,,,Coffee Bean.dk,,
2301,,,Mr Pizza,,
2302,,,Ilimo,,
2303,,,Jitzu,,
2304,,,Cafe Plus,,
2305,,,Golden Pizza,,
2306,,,La sorpresa,,
2307,,,Evergreens,,
2308,,,Alanya By Night,,
2309,,,Jorn Pedersen,,
2310,,,Tap 21 Craft Beer,,
2311,,,Pizza 13,,
2312,,,Joe &amp; The Juice,,
2313,,,Green Room Restaurant &amp; Bar,,
2314,,,Coffee &amp; Bagel House,,
2315,,,Cafe Gologolo,,
2316,,,Pauseriet,,
2317,,,Cafe Juicy,,
2318,,,Little Birds,,
