,Name,Main rating,Ranking on list,Price range,Price class,Number of reviews,Location,Distance from Kgs. Nytorv,God pris,Mad,Service,Stemning,New Price class,Priceclass_num
0,Kokkeriet,"4,5",13,------16770.-970.,--$$$$---,769 anmeldelser,"55.687626,12.585126",852.5557209618953,45.0,50.0,50.0,,$$$$,4.0
1,The Olive Kitchen &amp; Bar,"5,0",3,------1674.-174.,--$$-$$$---------,2.138 anmeldelser,"55.68125,12.571284",821.3536278416202,45.0,50.0,50.0,,$$-$$$,2.5
2,Pizzeria Mamemi &amp; Wine Bar,"5,0",7,"------16,,,",--$---------,927 anmeldelser,"55.667767,12.548116",2638.099996630112,45.0,50.0,50.0,,$,1.0
3,Zahida at Kellerdirk,"5,0",5,------1647.-248.,--$$-$$$---------,878 anmeldelser,"55.67162,12.546196",2557.014270411427,45.0,50.0,50.0,,$$-$$$,2.5
4,Grams Lækkerier,"5,0",1,------1633.-100.,--$---------,720 anmeldelser,"55.671036,12.562724",1673.270998777796,45.0,50.0,50.0,45.0,$,1.0
5,Basso København,"4,5",18,------16127.-495.,--$$-$$$---------,343 anmeldelser,"55.68388,12.58657",458.9398139804953,45.0,45.0,45.0,,$$-$$$,2.5
6,Geranium,"4,5",8,------161.258.-1.492.,--$$$$---,1.054 anmeldelser,"55.7036,12.572",2735.60008029852,45.0,50.0,45.0,45.0,$$$$,4.0
7,Feed Bistro,"4,5",27,"------16,,",--$$-$$$---,548 anmeldelser,"55.688663,12.559759",1810.5756273127706,45.0,45.0,45.0,,$$-$$$,2.5
8,The Pescatarian,"5,0",6,------16402.-602.,--$$$$------,198 anmeldelser,"55.68799,12.596316",1171.2282065258707,45.0,50.0,50.0,,$$$$,4.0
9,Ché Fè,"4,5",30,------16348.-495.,--$$-$$$---------,580 anmeldelser,"55.684223,12.585324",477.4630031898928,45.0,45.0,45.0,40.0,$$-$$$,2.5
10,Søllerød Kro,"5,0",4,------16395.-1.794.,--$$$$------,337 anmeldelser,"55.813576,12.495031",15868.985807757725,45.0,50.0,50.0,50.0,$$$$,4.0
11,BODIL - et spisested,"4,5",20,------16381.-763.,--$$-$$$------,208 anmeldelser,"55.66416,12.545544",2994.2685841932393,45.0,50.0,45.0,,$$-$$$,2.5
12,Restaurant Garden,"4,5",29,------1674.-221.,--$$-$$$---,135 anmeldelser,"55.68335,12.57827",527.6125270760003,45.0,45.0,45.0,,$$-$$$,2.5
13,Frederiks Have,"4,5",3,------16107.-535.,--$$$$---,529 anmeldelser,"55.679256,12.524991",3712.2440173148293,45.0,45.0,45.0,45.0,$$$$,4.0
14,Goomi,"4,5",26,------1660.-448.,--$$-$$$------,271 anmeldelser,"55.673717,12.589529",772.4079179223495,45.0,45.0,45.0,45.0,$$-$$$,2.5
15,Trattoria SUD,"4,5",17,------1633.-997.,--$$-$$$---------,306 anmeldelser,"55.684696,12.568494",1115.1075157439627,45.0,45.0,50.0,,$$-$$$,2.5
16,Café Komplet,"4,5",9,------1667.-201.,--$$-$$$------,350 anmeldelser,"55.684692,12.588044",577.2947128815115,45.0,50.0,50.0,,$$-$$$,2.5
17,Mielcke &amp; Hurtigkarl,"4,5",2,------161.405.-2.610.,--$$$$---,252 anmeldelser,"55.67468,12.530938",3390.288286387512,45.0,45.0,45.0,45.0,$$$$,4.0
18,Restaurant Grønnegade,"4,5",28,------16201.-663.,--$$$$---,525 anmeldelser,"55.681705,12.583386",198.6351497197097,45.0,45.0,45.0,45.0,$$$$,4.0
19,Café Patina,"4,5",25,------1620.-201.,--$$-$$$---------,96 anmeldelser,"55.66791,12.548128",2629.3013089199617,45.0,45.0,50.0,,$$-$$$,2.5
20,Restaurant Schonnemann,"4,5",19,"------16,",--$$-$$$,162 anmeldelser,"55.68277,12.575768",612.5148119087203,45.0,45.0,45.0,,$$-$$$,2.5
21,Husmann's Vinstue,"4,5",14,"------16,,",--$$-$$$---,255 anmeldelser,"55.677773,12.570244",908.0018667934526,45.0,45.0,50.0,45.0,$$-$$$,2.5
22,Enomania,"4,5",1,------16134.-167.,--$$-$$$------,245 anmeldelser,"55.670773,12.531963",3430.835845399243,45.0,50.0,50.0,45.0,$$-$$$,2.5
23,Marv &amp; Ben,"4,5",10,------16207.-837.,--$$$$---,642 anmeldelser,"55.677303,12.576991",540.4456797497344,45.0,50.0,50.0,,$$$$,4.0
24,The Red Box,"4,5",21,------16341.-489.,--$$-$$$---------,515 anmeldelser,"55.683018,12.586555",369.2381565378627,45.0,45.0,50.0,45.0,$$-$$$,2.5
25,Trattoria l’Alba,"4,5",23,------16248.-388.,--$$-$$$---------,176 anmeldelser,"55.678543,12.589863",389.8143709432584,45.0,50.0,45.0,,$$-$$$,2.5
26,Restaurant leaven,"4,5",16,------1633.-703.,--$$$$------,309 anmeldelser,"55.681232,12.584203",139.55247313851083,45.0,50.0,50.0,,$$$$,4.0
27,Banana Joe,"4,5",12,------1633.-54.,--$---------,411 anmeldelser,"55.690052,12.559024",1934.823786149484,50.0,50.0,50.0,45.0,$,1.0
28,Restaurant Krebsegaarden,"5,0",2,------16161.-395.,--$$$$---,1.310 anmeldelser,"55.67872,12.569877",908.1223841069575,45.0,50.0,50.0,45.0,$$$$,4.0
29,The Modern,"4,0",715,------1647.-201.,--$$-$$$,46 anmeldelser,"55.6815,12.592594",553.4552584825883,40.0,40.0,35.0,,$$-$$$,2.5
30,Studio - The Standard,"4,5",22,"------16,,",--$$$$---,453 anmeldelser,"55.67783,12.592299",561.698165491972,45.0,50.0,50.0,45.0,$$$$,4.0
31,Temporada Tapasbodega,"4,5",43,------16301.-348.,--$$-$$$---------,282 anmeldelser,"55.684452,12.554217",1943.730733927252,45.0,45.0,45.0,45.0,$$-$$$,2.5
32,Restaurant Under Uret - Frokost,"4,5",41,"------16,,",--$$-$$$---,166 anmeldelser,"55.689465,12.575",1202.0339803700615,45.0,45.0,50.0,45.0,$$-$$$,2.5
33,Noma,"4,5",36,------16,--$$$$------,1.644 anmeldelser,"55.67787,12.596145",785.3260510882504,40.0,45.0,50.0,45.0,$$$$,4.0
34,Restaurant Nepali Bhancha,"4,5",39,------16100.-248.,--$$-$$$------,223 anmeldelser,"55.70341,12.547717",3466.210552900405,45.0,50.0,45.0,,$$-$$$,2.5
35,Sankt Annae 8,"4,5",42,"------16,,",--$$-$$$---,203 anmeldelser,"55.673985,12.591411",805.5725062478436,45.0,45.0,45.0,45.0,$$-$$$,2.5
36,KöD København,"4,5",60,"------16,,,,",--$$-$$$---------,1.011 anmeldelser,"55.677498,12.582363",298.48744803316526,45.0,45.0,45.0,50.0,$$-$$$,2.5
37,KöD Vesterbro,"4,5",48,------16167.-448.,--$$-$$$---------,766 anmeldelser,"55.6728,12.558157",1816.8566828960572,45.0,45.0,45.0,,$$-$$$,2.5
38,Mad &amp; Kaffe,"4,5",55,"------16,,,",--$$-$$$------,528 anmeldelser,"55.665863,12.550308",2641.3284096652155,40.0,45.0,40.0,,$$-$$$,2.5
39,Höst,"4,5",40,------16301.-803.,--$$$$,2.026 anmeldelser,"55.683228,12.566168",1186.195234586767,45.0,45.0,45.0,45.0,$$$$,4.0
40,Madglad,"4,5",34,------1627.-47.,--$---,169 anmeldelser,"55.670685,12.555624",2067.7238692241235,45.0,45.0,40.0,,$,1.0
41,L'Enoteca di Mr. Brunello Restaurant &amp; Wine Shop,"4,5",37,"------16,,,",--$$$$---------,219 anmeldelser,"55.67104,12.574041",1180.0098344110675,45.0,45.0,50.0,,$$$$,4.0
42,Morgenstedet,"4,5",49,------1633.-100.,--$---------,244 anmeldelser,"55.673927,12.603153",1366.1135072035354,45.0,45.0,40.0,45.0,$,1.0
43,Restaurant Schoennemann,"4,5",50,"------16,,",--$$-$$$---,730 anmeldelser,"55.682747,12.575774",610.8973129835321,40.0,45.0,45.0,45.0,$$-$$$,2.5
44,Sporvejen,"4,5",47,------1627.-100.,--$---,976 anmeldelser,"55.679707,12.575636",537.077303548422,45.0,45.0,45.0,45.0,$,1.0
45,Frenchy,"4,5",45,"------16,,,",--$$-$$$---------,190 anmeldelser,"55.677998,12.576669",520.3101044499708,45.0,45.0,50.0,50.0,$$-$$$,2.5
46,Hey Darling,"5,0",53,------1647.-301.,--$$-$$$------,85 anmeldelser,"55.69105,12.576097",1331.66207640218,45.0,45.0,45.0,,$$-$$$,2.5
47,Chao Viet Kitchen,"4,5",44,------1613.-107.,--$---------,362 anmeldelser,"55.677105,12.571456",859.8292014783026,40.0,45.0,40.0,,$,1.0
48,Vaekst,"4,5",38,"------16,,",--$$$$,549 anmeldelser,"55.6788,12.566957",1088.2665121611055,40.0,45.0,45.0,,$$$$,4.0
49,Bastard Café,"4,5",6,"------16,",--$------,241 anmeldelser,"55.67645,12.574973",698.3506887879503,45.0,40.0,45.0,,$,1.0
50,PUBLIC - The Italian Social Dining Bar,"4,5",408,------1674.-348.,--$$-$$$---,53 anmeldelser,"55.66934,12.558103",2018.5051517686136,45.0,50.0,50.0,,$$-$$$,2.5
51,Restaurant Cofoco,"4,5",32,------16502.-1.071.,--$$-$$$,1.067 anmeldelser,"55.671722,12.55859",1849.010870607378,45.0,45.0,45.0,45.0,$$-$$$,2.5
52,BENTO Restaurant &amp; Cocktail Bar,"4,5",57,------16100.-348.,--$$-$$$---------,287 anmeldelser,"55.67139,12.561472",1714.808307376242,40.0,45.0,50.0,45.0,$$-$$$,2.5
53,Kadeau,"4,5",54,------16649.-950.,--$$$$---,296 anmeldelser,"55.672188,12.588876",914.5912225474367,40.0,45.0,45.0,45.0,$$$$,4.0
54,Souls,"4,5",31,"------16,,",--$$-$$$---------,647 anmeldelser,"55.70349,12.585388",2615.6091753486035,45.0,45.0,45.0,,$$-$$$,2.5
55,Khun Juk Oriental,"4,5",59,------1694.-241.,--$$-$$$---------,810 anmeldelser,"55.68213,12.58526",248.63514487707093,45.0,45.0,45.0,45.0,$$-$$$,2.5
56,Kiin Kiin,"4,5",58,------16656.-1.158.,--$$$$---------,801 anmeldelser,"55.6919,12.557358",2141.5981557004707,45.0,45.0,45.0,45.0,$$$$,4.0
57,Souls Nørreport,"4,5",56,"------16,,",--$$-$$$------,108 anmeldelser,"55.685238,12.568355",1152.1959384564639,45.0,45.0,50.0,,$$-$$$,2.5
58,Restaurant Radio,"4,5",46,"------16,,",--$$$$---,846 anmeldelser,"55.682026,12.554082",1901.181796425552,45.0,45.0,45.0,45.0,$$$$,4.0
59,Restaurant Amalie,"4,5",51,------1660.-141.,--$$-$$$---,415 anmeldelser,"55.68273,12.592147",585.3107327370103,45.0,45.0,45.0,45.0,$$-$$$,2.5
60,Restaurant Tight,"4,5",52,------1680.-254.,--$$-$$$---------,2.866 anmeldelser,"55.678165,12.576488",523.1856166868796,45.0,45.0,45.0,45.0,$$-$$$,2.5
61,Kong Hans Kaelder,"4,5",33,"------16,,,",--$$$$------,286 anmeldelser,"55.67888,12.584211",121.98859331838324,40.0,45.0,45.0,45.0,$$$$,4.0
62,Den Lille Fede Restaurant,"4,5",70,------16535.-6.692.,--$$$$---,721 anmeldelser,"55.68215,12.585653",258.4643064876816,45.0,45.0,45.0,45.0,$$$$,4.0
63,Ristorante Buono,"4,5",84,"------16,,",--$$-$$$---------,169 anmeldelser,"55.67157,12.559303",1818.9703398154895,45.0,45.0,45.0,,$$-$$$,2.5
64,Restaurant Brace,"4,5",79,------1687.-776.,--$$$$------,199 anmeldelser,"55.679573,12.568498",984.771565252349,40.0,45.0,45.0,,$$$$,4.0
65,Restaurant Ravelinen,"4,5",61,------1674.-221.,--$$-$$$---,355 anmeldelser,"55.6704,12.595598",1282.8690940540155,45.0,45.0,45.0,45.0,$$-$$$,2.5
66,Fuego,"4,5",88,------162.008.-4.015.,--$$$$---------,677 anmeldelser,"55.678135,12.588968",362.9214983149639,40.0,45.0,45.0,45.0,$$$$,4.0
67,Sticks'n'Sushi,"4,5",90,------161.673.-3.681.,--$$-$$$---------,264 anmeldelser,"55.683357,12.584706",377.2326900059708,40.0,45.0,45.0,,$$-$$$,2.5
68,Ravnsborg Kitchen &amp; Bar,"4,5",69,------1660.-248.,--$$-$$$---------,338 anmeldelser,"55.687878,12.561117",1692.2589160549114,40.0,40.0,35.0,,$$-$$$,2.5
69,Toto Vin &amp; Spisebar,"4,5",75,"------16,",--$$-$$$------,87 anmeldelser,"55.65585,12.60989",3129.7303222442156,45.0,50.0,45.0,,$$-$$$,2.5
70,Restaurant AOC,"4,5",72,"------16,,",--$$$$---,326 anmeldelser,"55.68324,12.5892",479.9163469655645,40.0,45.0,45.0,40.0,$$$$,4.0
71,Restaurant Palægade,"4,5",74,------16147.-402.,--$$-$$$---,327 anmeldelser,"55.68222,12.586586",291.17280768883586,40.0,45.0,45.0,,$$-$$$,2.5
72,Cafe Gl. Torv - Huset med det grønne træ,"4,5",76,------1640.-181.,--$$-$$$,195 anmeldelser,"55.678246,12.572392",764.2642427257912,45.0,45.0,45.0,45.0,$$-$$$,2.5
73,Pony,"4,5",78,------16248.-448.,--$$$$---,274 anmeldelser,"55.67022,12.540435",2950.1840712163885,40.0,45.0,45.0,40.0,$$$$,4.0
74,simpleRAW,"4,5",81,------1627.-147.,--$$-$$$---------,230 anmeldelser,"55.679848,12.575983",514.6818160025841,40.0,45.0,45.0,,$$-$$$,2.5
75,Fleisch,"4,5",89,"------16,",--$$-$$$---,431 anmeldelser,"55.66907,12.558636",2009.500312024638,40.0,45.0,45.0,,$$-$$$,2.5
76,Bowl Market Copenhagen,"4,5",9,------1647.-80.,--$$-$$$---,113 anmeldelser,"55.672024,12.555914",1981.177511482417,45.0,50.0,45.0,,$$-$$$,2.5
77,Asador,"4,5",77,------16100.-897.,--$$-$$$---------,439 anmeldelser,"55.672287,12.590602",944.9034070082872,40.0,45.0,45.0,45.0,$$-$$$,2.5
78,Aamanns Etablissement,"4,5",67,------16100.-261.,--$$-$$$---,192 anmeldelser,"55.690094,12.57505",1262.4384280183972,40.0,45.0,45.0,40.0,$$-$$$,2.5
79,Formel B,"4,5",83,"------16,,",--$$$$---,608 anmeldelser,"55.67058,12.535531",3224.893805599004,40.0,45.0,45.0,40.0,$$$$,4.0
80,Punk Royale,"5,0",85,------16100.-997.,--$$$$---,82 anmeldelser,"55.68354,12.587821",456.9465455439843,50.0,50.0,45.0,,$$$$,4.0
81,Sticks'n'Sushi,"4,5",87,------16248.-549.,--$$-$$$---------,310 anmeldelser,"55.669716,12.554844",2165.04357868719,40.0,45.0,45.0,40.0,$$-$$$,2.5
82,Aamanns 1921,"4,5",68,------16147.-448.,--$$-$$$---,205 anmeldelser,"55.6803,12.575873",522.6107773294323,45.0,45.0,45.0,,$$-$$$,2.5
83,Chez Bruno,"4,5",62,------1674.-234.,--$$-$$$---------,392 anmeldelser,"55.673634,12.555206",1949.2854039772785,45.0,45.0,45.0,45.0,$$-$$$,2.5
84,Restaurant Koefoed,"4,5",82,------16274.-1.104.,--$$$$---,674 anmeldelser,"55.683163,12.585317",361.25265663192107,40.0,45.0,45.0,45.0,$$$$,4.0
85,Halifax København K,"4,5",80,"------16,,",--$$-$$$------,258 anmeldelser,"55.678185,12.569627",934.473187521824,40.0,45.0,45.0,40.0,$$-$$$,2.5
86,RetroGusto,"4,5",71,"------16,",--$$-$$$---------,571 anmeldelser,"55.67287,12.558201",1810.967276031799,45.0,45.0,45.0,45.0,$$-$$$,2.5
87,Era Ora,"4,5",66,------16415.-1.278.,--$$$$------,602 anmeldelser,"55.673244,12.591508",878.1125833260941,40.0,45.0,45.0,45.0,$$$$,4.0
88,Jurfood,"5,0",86,------1667.-100.,--$$-$$$------,115 anmeldelser,"55.661644,12.630313",3538.5331584880432,45.0,45.0,50.0,,$$-$$$,2.5
89,Black Swan,"4,5",73,------16,--$$-$$$,117 anmeldelser,"55.68648,12.587611",754.2455339976062,45.0,40.0,45.0,45.0,$$-$$$,2.5
90,Palæ Bar,"4,5",63,"------16,,",--$,136 anmeldelser,"55.6813,12.583736",149.83084697295192,45.0,40.0,45.0,,$,1.0
91,Stempel - Bar &amp; Kitchen,"4,5",64,------16234.-4.015.,--$$-$$$---,264 anmeldelser,"55.667545,12.54769",2673.7226243023238,45.0,45.0,45.0,,$$-$$$,2.5
92,Slurp Ramen Joint,"4,5",97,------16127.-134.,--$$-$$$---------,145 anmeldelser,"55.685116,12.567047",1217.1206605175191,45.0,45.0,45.0,,$$-$$$,2.5
93,Ristorante Da Claudio,"4,5",6,"------16,,",--$$-$$$---------,259 anmeldelser,"55.686863,12.532243",3345.213191933432,45.0,45.0,45.0,45.0,$$-$$$,2.5
94,Halifax,"4,5",114,------16127.-167.,--$$-$$$------,558 anmeldelser,"55.68558,12.5667",1261.0403442613615,40.0,45.0,45.0,40.0,$$-$$$,2.5
95,Sidecar,"4,5",106,------1674.-301.,--$$-$$$------,132 anmeldelser,"55.687107,12.549084",2339.1274198107253,45.0,45.0,45.0,,$$-$$$,2.5
96,Restaurant Tio Marios,"4,5",104,------1627.-261.,--$$-$$$---------,212 anmeldelser,"55.698338,12.593778",2128.2754709705678,45.0,45.0,45.0,40.0,$$-$$$,2.5
97,Cafe Lindevang,"4,5",4,"------16,",--$$-$$$,233 anmeldelser,"55.67911,12.512431",4499.856002984118,45.0,45.0,45.0,40.0,$$-$$$,2.5
98,District Tonkin - Bánh Mí,"4,5",113,------1660.-120.,--$---------,211 anmeldelser,"55.683544,12.587593",450.3871667801545,45.0,45.0,40.0,,$,1.0
99,Le Pave,"4,5",93,"------16,",--$$-$$$------,264 anmeldelser,"55.679844,12.575675",533.9963531363557,45.0,45.0,45.0,40.0,$$-$$$,2.5
100,WOK Christianshavn,"4,5",537,------1660.-127.,--$$-$$$---------,102 anmeldelser,"55.671906,12.592381",1034.0360639370922,40.0,45.0,40.0,,$$-$$$,2.5
101,Restaurant U Formel,"4,5",116,"------16,,",--$$$$---,504 anmeldelser,"55.67674,12.564756",1270.4452657017093,40.0,45.0,40.0,40.0,$$$$,4.0
102,Reinwald's,"4,5",5,------1667.-248.,--$$-$$$------,175 anmeldelser,"55.67887,12.547882",2279.586936886947,45.0,45.0,45.0,45.0,$$-$$$,2.5
103,La Vita e Bella,"4,5",7,------16301.-402.,--$$-$$$---------,899 anmeldelser,"55.684685,12.537774",2956.476914240376,45.0,45.0,45.0,45.0,$$-$$$,2.5
104,Told&amp;Snaps,"4,5",120,"------16,,",--$$-$$$---,538 anmeldelser,"55.679928,12.591563",462.3148958827166,40.0,45.0,45.0,45.0,$$-$$$,2.5
105,Sticks'n'Sushi,"4,5",94,------16248.-549.,--$$-$$$---------,434 anmeldelser,"55.684326,12.566069",1234.6104703844615,40.0,45.0,40.0,40.0,$$-$$$,2.5
106,56°,"4,5",119,------1654.-248.,--$$$$------,208 anmeldelser,"55.684166,12.610067",1687.8214902527884,45.0,45.0,45.0,50.0,$$$$,4.0
107,Villa Vino,"4,5",109,------16,--$$-$$$,160 anmeldelser,"55.676495,12.571272",897.6591610515221,45.0,45.0,45.0,45.0,$$-$$$,2.5
108,Lolly,"5,0",100,------1627.-154.,--$$-$$$------,73 anmeldelser,"55.67683,12.574468",702.7979489196358,45.0,45.0,50.0,,$$-$$$,2.5
109,Damindra,"4,5",91,------16147.-763.,--$$$$---------,481 anmeldelser,"55.6788,12.590855",437.9162449261567,40.0,45.0,40.0,40.0,$$$$,4.0
110,Alchemist,"5,0",108,------161.901.-2.503.,--$$$$---,68 anmeldelser,"55.693714,12.613528",2390.651065308638,45.0,50.0,50.0,,$$$$,4.0
111,El Viejo Mexico,"4,5",118,------16167.-402.,--$$-$$$---------,827 anmeldelser,"55.684475,12.587831",549.795657712088,40.0,45.0,45.0,45.0,$$-$$$,2.5
112,Kompasset,"4,5",117,------1674.-181.,--$$-$$$---,273 anmeldelser,"55.67934,12.592509",526.3821095220933,40.0,45.0,45.0,,$$-$$$,2.5
113,Christianshavns Færgecafé,"4,5",115,------1647.-288.,--$$-$$$------,450 anmeldelser,"55.67565,12.592472",707.9327640025098,40.0,45.0,45.0,45.0,$$-$$$,2.5
114,Aamanns Deli &amp; Take Away,"4,5",95,------1667.-127.,--$$-$$$---,607 anmeldelser,"55.690056,12.574978",1260.7354491807387,40.0,45.0,45.0,40.0,$$-$$$,2.5
115,Restaurant Kronborg,"4,5",101,------16147.-442.,--$$-$$$---,478 anmeldelser,"55.677628,12.574495",661.5354650777844,40.0,45.0,45.0,45.0,$$-$$$,2.5
116,Flottenheimer,"4,5",110,"------16,,,",--$$-$$$---,378 anmeldelser,"55.680115,12.575208",563.2765069922248,40.0,40.0,40.0,45.0,$$-$$$,2.5
117,Mikkeller Bar,"4,5",102,"------16,,",--$$-$$$,859 anmeldelser,"55.671955,12.557751",1882.437539625793,40.0,40.0,45.0,45.0,$$-$$$,2.5
118,Selma,"5,0",112,------161.338.-2.978.,--$$-$$$---,67 anmeldelser,"55.68476,12.569876",1043.0716265046538,50.0,50.0,50.0,,$$-$$$,2.5
119,Restaurant Karla,"4,5",99,------1667.-308.,--$$-$$$---,946 anmeldelser,"55.673824,12.573938",938.7337768374623,40.0,45.0,45.0,45.0,$$-$$$,2.5
120,Amass,"4,5",92,------164.651.-6.659.,--$$$$,599 anmeldelser,"55.690468,12.61124",2058.1890269743967,45.0,45.0,45.0,45.0,$$$$,4.0
121,El Meson,"4,5",96,------1680.-381.,--$$-$$$---------,267 anmeldelser,"55.68259,12.575669",608.0591974487709,40.0,45.0,45.0,,$$-$$$,2.5
122,Terra Restaurant and Cocktail bar,"5,0",98,------16114.-3.728.,--$$-$$$------,82 anmeldelser,"55.694664,12.570705",1838.8806090498726,45.0,50.0,50.0,,$$-$$$,2.5
123,Marchal,"4,5",144,"------16,,,",--$$$$------,425 anmeldelser,"55.68053,12.584939",77.3964835870465,40.0,45.0,45.0,45.0,$$$$,4.0
124,Frank,"4,5",126,------1667.-294.,--$$-$$$---,84 anmeldelser,"55.6811,12.584482",126.21316235546783,45.0,50.0,50.0,,$$-$$$,2.5
125,Oysters &amp; Grill,"4,0",149,------16181.-1.640.,--$$-$$$------,401 anmeldelser,"55.692802,12.551605",2491.073257729353,40.0,45.0,40.0,40.0,$$-$$$,2.5
126,Sticks'n'Sushi,"4,5",132,------16248.-549.,--$$-$$$---------,1.100 anmeldelser,"55.665913,12.566111",1931.4904680408827,40.0,45.0,40.0,45.0,$$-$$$,2.5
127,Nebbiolo Winebar,"4,5",129,------1674.-743.,--$$-$$$------,120 anmeldelser,"55.681232,12.589236",345.79860734084775,40.0,40.0,45.0,,$$-$$$,2.5
128,Restaurant Puk,"4,5",131,------1660.-274.,--$$-$$$,1.648 anmeldelser,"55.676212,12.574179",754.4282186427968,40.0,45.0,45.0,45.0,$$-$$$,2.5
129,Reffen,"4,5",133,"------16,,,,,,,,",--$$-$$$---------,293 anmeldelser,"55.69304,12.612353",2286.144506824545,40.0,45.0,40.0,,$$-$$$,2.5
130,Pho Hanoi,"4,5",138,"------16,",--$---------,285 anmeldelser,"55.674786,12.562201",1494.5735818526985,45.0,45.0,40.0,,$,1.0
131,Restaurant Kanalen,"4,0",121,"------16,,",--$$$$---,415 anmeldelser,"55.67551,12.593101",747.6002817114659,40.0,45.0,40.0,45.0,$$$$,4.0
132,Mondän,"4,5",8,------1694.-502.,--$$-$$$------,106 anmeldelser,"55.686302,12.534584",3188.215691448193,45.0,45.0,45.0,,$$-$$$,2.5
133,Krogs Fiskerestaurant,"4,5",134,------1687.-402.,--$$$$------,288 anmeldelser,"55.677654,12.578622",434.22738397786634,40.0,45.0,45.0,,$$$$,4.0
134,Spaghetteria La Perla,"4,5",122,------1674.-134.,--$$-$$$------,571 anmeldelser,"55.682404,12.577117",519.0468546703803,40.0,45.0,45.0,,$$-$$$,2.5
135,Holberg no 19,"4,5",140,------1680.-167.,--$$-$$$---------,169 anmeldelser,"55.67874,12.590546",421.5985919276587,40.0,45.0,40.0,45.0,$$-$$$,2.5
136,Hallernes,"4,5",141,"------16,,,",--$$-$$$------,240 anmeldelser,"55.683872,12.56925",1031.8450799055338,40.0,45.0,40.0,40.0,$$-$$$,2.5
137,Ristorante Italiano,"4,0",124,------1680.-214.,--$$-$$$---------,1.084 anmeldelser,"55.67929,12.573746",659.1733883337799,40.0,40.0,40.0,40.0,$$-$$$,2.5
138,Cafe Katz,"4,0",137,------1627.-141.,--$$-$$$------,346 anmeldelser,"55.675884,12.575304",719.355681442762,40.0,40.0,40.0,40.0,$$-$$$,2.5
139,Plectrum Vesterbro Restaurant,"4,5",125,------16134.-254.,--$$-$$$---,494 anmeldelser,"55.672935,12.558831",1772.3035211107388,35.0,40.0,40.0,,$$-$$$,2.5
140,Kanal Cafeen,"4,5",146,"------16,,",--$$-$$$---,540 anmeldelser,"55.674442,12.577063",760.5461861612047,40.0,45.0,40.0,45.0,$$-$$$,2.5
141,Da Salvo,"4,5",127,------1660.-301.,--$$-$$$---------,301 anmeldelser,"55.67404,12.551963",2125.6437043041074,45.0,45.0,45.0,45.0,$$-$$$,2.5
142,Restaurant Maven,"4,5",123,------1627.-40.,--$$-$$$---,754 anmeldelser,"55.678467,12.5818",225.01305495651675,40.0,45.0,45.0,45.0,$$-$$$,2.5
143,Taarnet,"4,0",143,"------16,,",--$$$$---,245 anmeldelser,"55.676243,12.580428",477.4978061993418,40.0,45.0,40.0,45.0,$$$$,4.0
144,Bistro Boheme,"4,0",150,------1694.-602.,--$$$$---------,453 anmeldelser,"55.687473,12.591379",947.5688223276027,40.0,45.0,45.0,40.0,$$$$,4.0
145,District Tonkin,"4,5",142,------1660.-120.,--$---------,176 anmeldelser,"55.67671,12.570774",916.1846196250723,45.0,45.0,40.0,45.0,$,1.0
146,Osteria 16,"4,5",148,------16,--$$-$$$------,119 anmeldelser,"55.66771,12.545878",2762.489843124577,45.0,45.0,40.0,45.0,$$-$$$,2.5
147,Llama Restaurante &amp; Bar,"4,0",136,------1667.-254.,--$$-$$$---------,669 anmeldelser,"55.67971,12.583878",35.52937979750941,40.0,45.0,40.0,40.0,$$-$$$,2.5
148,Cafe Halvvejen,"4,5",145,"------16,,,,",--$,92 anmeldelser,"55.681057,12.573958",652.5714997976767,45.0,45.0,50.0,50.0,$,1.0
149,Øl &amp; Brød,"4,5",139,------16100.-161.,--$$-$$$------,308 anmeldelser,"55.672146,12.55755",1883.6295638297686,40.0,45.0,45.0,45.0,$$-$$$,2.5
150,Pate pate,"4,0",147,------1680.-301.,--$$-$$$---------,1.036 anmeldelser,"55.669167,12.558619",2003.8602630784085,40.0,45.0,40.0,40.0,$$-$$$,2.5
151,Ved Stranden 10,"4,5",135,"------16,",--$$-$$$---,162 anmeldelser,"55.677135,12.58137",362.0908311764359,40.0,40.0,45.0,45.0,$$-$$$,2.5
152,Nyhavn 17,"3,5",972,------16100.-348.,--$$-$$$---,746 anmeldelser,"55.68054,12.589125",315.70291748323797,30.0,35.0,35.0,40.0,$$-$$$,2.5
153,Kalaset,"4,5",128,------1667.-134.,--$$-$$$---------,647 anmeldelser,"55.684616,12.566585",1218.2102343606598,40.0,45.0,40.0,45.0,$$-$$$,2.5
154,SSAM Korean Food Bar,"4,5",169,------1613.-107.,--$$-$$$---------,162 anmeldelser,"55.672565,12.562085",1612.4698120105788,40.0,45.0,45.0,,$$-$$$,2.5
155,Mon Amour,"4,0",164,"------16,",--$$-$$$------,347 anmeldelser,"55.68,12.574831",586.7092686942143,40.0,40.0,40.0,40.0,$$-$$$,2.5
156,Spiseloppen Christiania,"4,5",159,------16114.-147.,--$$-$$$------,237 anmeldelser,"55.673794,12.597056",1059.9442402039626,40.0,45.0,45.0,45.0,$$-$$$,2.5
157,Ida Davidsen,"4,0",179,"------16,,",--$$-$$$---,569 anmeldelser,"55.68454,12.587928",558.9014521537642,35.0,45.0,40.0,35.0,$$-$$$,2.5
158,Kayak Bar,"4,5",155,"------16,,",--$$-$$$---,159 anmeldelser,"55.67538,12.586494",531.1949823652632,40.0,40.0,40.0,50.0,$$-$$$,2.5
159,Cafe Petersborg,"4,0",154,------16147.-201.,--$$-$$$---,410 anmeldelser,"55.687412,12.592747",985.5360906312334,40.0,45.0,40.0,45.0,$$-$$$,2.5
160,Riz Raz,"4,0",157,------1687.-194.,--$$-$$$---------,1.099 anmeldelser,"55.677055,12.57527",646.7419018713464,40.0,40.0,40.0,35.0,$$-$$$,2.5
161,Cafe Wilder,"4,0",160,"------16,,,",--$$-$$$------,396 anmeldelser,"55.673992,12.591496",807.9386988396402,40.0,45.0,40.0,40.0,$$-$$$,2.5
162,The Union Kitchen,"4,0",153,------1687.-602.,--$$-$$$---,769 anmeldelser,"55.681255,12.589156",342.26958608622016,35.0,45.0,40.0,45.0,$$-$$$,2.5
163,PUBLIC - The Italian Social Dining Bar,"4,5",408,------1674.-348.,--$$-$$$---,53 anmeldelser,"55.66934,12.558103",2018.5051517686136,45.0,50.0,50.0,,$$-$$$,2.5
164,Neighbourhood,"4,0",156,------16134.-147.,--$$-$$$---------,701 anmeldelser,"55.670723,12.558301",1921.894032141174,40.0,45.0,40.0,50.0,$$-$$$,2.5
165,Retour Steak,"4,0",152,"------16,",--$$-$$$------,369 anmeldelser,"55.68181,12.582044",244.19503046482055,40.0,45.0,40.0,35.0,$$-$$$,2.5
166,Vinvaerten Gothersgade,"4,5",180,"------16,,",--$$-$$$------,180 anmeldelser,"55.683334,12.577975",539.5472080070272,45.0,45.0,45.0,45.0,$$-$$$,2.5
167,Restaurant Zeleste,"4,0",167,------16134.-248.,--$$-$$$------,552 anmeldelser,"55.680897,12.588319",278.3799956005709,35.0,40.0,40.0,40.0,$$-$$$,2.5
168,Hatoba Sushi,"4,5",151,------16134.-335.,--$$-$$$---------,134 anmeldelser,"55.668568,12.579264",1305.6737628218275,40.0,45.0,40.0,40.0,$$-$$$,2.5
169,Restaurant Vita,"4,0",177,------16167.-669.,--$$-$$$---,495 anmeldelser,"55.682655,12.586298",325.8055546043849,40.0,40.0,40.0,35.0,$$-$$$,2.5
170,Atlas bar,"4,0",158,------1667.-167.,--$$-$$$---------,312 anmeldelser,"55.678604,12.569211",951.3869702036008,40.0,45.0,40.0,40.0,$$-$$$,2.5
171,Lumskebugten,"4,5",163,------16167.-669.,--$$$$---,215 anmeldelser,"55.688385,12.597648",1259.3208356065625,40.0,45.0,45.0,45.0,$$$$,4.0
172,Restaurant no. 2,"4,0",172,"------16,,",--$$$$---,341 anmeldelser,"55.67253,12.584334",828.1194881924199,40.0,45.0,40.0,40.0,$$$$,4.0
173,Restaurant Barr,"4,0",165,"------16,,",--$$-$$$---,278 anmeldelser,"55.677864,12.595992",776.3774894892923,40.0,45.0,45.0,,$$-$$$,2.5
174,Restaurant HUMMER,"4,0",170,"------16,,,",--$$$$------,312 anmeldelser,"55.679462,12.592389",517.2503917579171,35.0,45.0,40.0,,$$$$,4.0
175,Ristorante La Rocca,"4,0",174,"------16,,",--$$-$$$---------,622 anmeldelser,"55.684814,12.566233",1247.566207259567,40.0,45.0,45.0,40.0,$$-$$$,2.5
176,Gitte Kik,"4,0",171,"------16,",--$$-$$$,278 anmeldelser,"55.677876,12.580765",317.2840331983261,40.0,45.0,40.0,45.0,$$-$$$,2.5
177,Skindbuksen,"4,0",166,"------16,,,",--$$-$$$---,550 anmeldelser,"55.679688,12.584787",49.36429090046861,40.0,40.0,40.0,45.0,$$-$$$,2.5
178,Sokkelund Cafe &amp; Brasserie,"4,0",9,"------16,,,",--$$-$$$---------,494 anmeldelser,"55.679283,12.525986",3649.812317710348,40.0,40.0,40.0,40.0,$$-$$$,2.5
179,Det lille Apotek,"4,0",178,------1667.-348.,--$$-$$$---,936 anmeldelser,"55.68024,12.574541",605.5894517180271,40.0,40.0,40.0,40.0,$$-$$$,2.5
180,MASH,"4,0",162,------16201.-669.,--$$$$---------,1.097 anmeldelser,"55.68188,12.588588",347.5938838483441,35.0,45.0,40.0,40.0,$$$$,4.0
181,Veve,"4,5",175,"------16,,",--$$$$---,94 anmeldelser,"55.69716,12.594333",2013.6750964833277,45.0,50.0,45.0,,$$$$,4.0
182,BrewPub København,"4,0",161,------1680.-361.,--$$-$$$---,570 anmeldelser,"55.677254,12.569583",964.5091280412024,35.0,40.0,40.0,40.0,$$-$$$,2.5
183,SALT bar &amp; restaurant,"4,0",176,------16114.-221.,--$$$$---,1.044 anmeldelser,"55.682056,12.593678",638.2037349701003,35.0,40.0,40.0,40.0,$$$$,4.0
184,Kodbyens Fiskebar,"4,0",173,"------16,,,",--$$-$$$------,2.419 anmeldelser,"55.6681,12.558965",2060.5172935875944,35.0,45.0,40.0,40.0,$$-$$$,2.5
185,Norrebro Bryghus,"4,0",184,------1687.-348.,--$$-$$$---,539 anmeldelser,"55.690094,12.563903",1697.8333536352145,35.0,40.0,40.0,40.0,$$-$$$,2.5
186,Pluto,"4,0",202,"------16,,",--$$-$$$---,807 anmeldelser,"55.683353,12.58495",378.41159090860947,40.0,45.0,40.0,40.0,$$-$$$,2.5
187,Heering Restaurant and Bistro,"4,0",208,------1694.-254.,--$$-$$$---,726 anmeldelser,"55.680466,12.588781",292.9578925331308,35.0,40.0,40.0,40.0,$$-$$$,2.5
188,Restaurant Brdr. Price,"4,0",198,------16201.-502.,--$$-$$$---------,442 anmeldelser,"55.683926,12.574471",750.995186975689,35.0,40.0,40.0,40.0,$$-$$$,2.5
189,Madenitaly,"4,5",203,------1647.-107.,--$---------,75 anmeldelser,"55.67844,12.589964",400.35503979937346,45.0,45.0,45.0,,$,1.0
190,RizRaz,"4,0",181,"------16,",--$---------,519 anmeldelser,"55.680134,12.574139",630.3282520470998,40.0,40.0,40.0,35.0,$,1.0
191,Retour Steak Vesterbro,"4,0",193,"------16,,",--$$-$$$------,269 anmeldelser,"55.67403,12.56077",1610.3827068046537,40.0,45.0,40.0,35.0,$$-$$$,2.5
192,Duck and Cover,"4,5",190,------16,--$$-$$$,92 anmeldelser,"55.671978,12.552464",2178.97262810076,45.0,45.0,45.0,40.0,$$-$$$,2.5
193,Axelborg Bodega,"4,0",196,"------16,,,",--$$-$$$---,295 anmeldelser,"55.675575,12.564882",1305.727031707554,40.0,40.0,40.0,40.0,$$-$$$,2.5
194,FAMO,"4,0",199,------16201.-381.,--$$-$$$------,350 anmeldelser,"55.672592,12.550527",2264.7249066004088,40.0,45.0,45.0,45.0,$$-$$$,2.5
195,Københavner Cafeen,"4,0",191,------16462.-1.439.,--$$-$$$---,269 anmeldelser,"55.67821,12.575178",598.1531042351335,40.0,40.0,40.0,40.0,$$-$$$,2.5
196,Amadeus,"4,0",188,------16100.-268.,--$$-$$$---,306 anmeldelser,"55.683933,12.587433",484.6150998387952,40.0,40.0,40.0,40.0,$$-$$$,2.5
197,Restaurant CLOU,"4,5",189,"------16,",--$$$$---------,132 anmeldelser,"55.68366,12.585079",413.3121994388045,40.0,45.0,45.0,40.0,$$$$,4.0
198,Restaurant BASALT,"4,0",206,------1694.-395.,--$$-$$$---,176 anmeldelser,"55.63971,12.577826",4495.247836802061,35.0,40.0,40.0,,$$-$$$,2.5
199,Royal Smushi Cafe,"4,0",194,"------16,,,",--$$-$$$------,440 anmeldelser,"55.679207,12.578871",344.24341694501777,35.0,45.0,40.0,45.0,$$-$$$,2.5
200,Laundromat Cafe,"4,0",200,"------16,,,",--$$-$$$------,261 anmeldelser,"55.689873,12.558576",1946.469905801944,35.0,40.0,40.0,40.0,$$-$$$,2.5
201,Altopalato,"4,5",209,"------16,",--$$-$$$---------,128 anmeldelser,"55.73625,12.574272",6288.050650799244,45.0,45.0,45.0,45.0,$$-$$$,2.5
202,Madklubben Bistro De Luxe,"4,0",197,"------16,,",--$$-$$$---,631 anmeldelser,"55.683907,12.587989",497.70207423292914,40.0,40.0,40.0,40.0,$$-$$$,2.5
203,Døp,"4,5",186,"------16,",--$---,93 anmeldelser,"55.681282,12.576093",527.9114419389197,45.0,50.0,45.0,40.0,$,1.0
204,Sale é Pepe,"4,5",11,"------16,",--$$-$$$---------,97 anmeldelser,"55.680313,12.521658",3920.462347403605,45.0,45.0,45.0,45.0,$$-$$$,2.5
205,Voulez Vous,"4,5",207,------1660.-187.,--$$-$$$------,96 anmeldelser,"55.678696,12.569114",955.8109540726559,45.0,45.0,45.0,45.0,$$-$$$,2.5
206,Spuntino,"4,0",182,------16,--$$-$$$---------,272 anmeldelser,"55.6727,12.552156",2165.335634151489,40.0,40.0,40.0,35.0,$$-$$$,2.5
207,Coq en Pate,"4,5",185,------16174.-288.,--$$-$$$---,53 anmeldelser,"55.713623,12.576884",3769.1746986504704,45.0,45.0,45.0,,$$-$$$,2.5
208,Restaurant l'Alsace,"4,0",183,------16167.-669.,--$$-$$$---------,304 anmeldelser,"55.68079,12.582797",125.66421853583851,40.0,45.0,40.0,40.0,$$-$$$,2.5
209,Pintxos,"4,0",201,"------16,,",--$$-$$$---------,474 anmeldelser,"55.684498,12.566181",1235.8068097110734,40.0,40.0,40.0,40.0,$$-$$$,2.5
210,Cock's &amp; Cows SP34,"4,0",204,------16402.-1.205.,--$$-$$$------,242 anmeldelser,"55.678703,12.566175",1138.246371787529,35.0,40.0,40.0,,$$-$$$,2.5
211,Cafe Sorgenfri,"4,0",210,------1667.-134.,--$$-$$$,355 anmeldelser,"55.677715,12.574707",645.513991860785,40.0,40.0,40.0,40.0,$$-$$$,2.5
212,Musling Bistro,"4,0",205,"------16,,,,",--$$-$$$------,211 anmeldelser,"55.683224,12.569928",964.2030326016051,40.0,45.0,40.0,,$$-$$$,2.5
213,San Marco Junior,"4,5",10,------16368.-5.019.,--$$-$$$------,122 anmeldelser,"55.67917,12.5336",3172.918229876331,40.0,40.0,45.0,,$$-$$$,2.5
214,Hviids Vinstue,"4,0",187,------1667.-134.,--$$-$$$,260 anmeldelser,"55.67978,12.584883",48.695736855297994,40.0,40.0,40.0,50.0,$$-$$$,2.5
215,Magasasa street kitchen,"3,5",723,"------16,",--$$-$$$---------,228 anmeldelser,"55.67234,12.563185",1567.0095708757688,40.0,40.0,30.0,30.0,$$-$$$,2.5
216,La Vecchia Signora,"4,0",221,"------16,,,",--$$-$$$---------,679 anmeldelser,"55.681007,12.582661",149.32342446596238,40.0,40.0,40.0,40.0,$$-$$$,2.5
217,Nyboders Køkken,"4,5",225,------1674.-248.,--$$-$$$---,188 anmeldelser,"55.686768,12.587766",787.7105143463068,40.0,45.0,45.0,40.0,$$-$$$,2.5
218,BollyFood,"4,0",222,------16,--$$-$$$---------,218 anmeldelser,"55.66884,12.55866",2023.851590965225,35.0,40.0,40.0,,$$-$$$,2.5
219,Fishmarket,"4,0",235,"------16,,",--$$-$$$---------,897 anmeldelser,"55.68082,12.584497",95.70180891519276,40.0,45.0,40.0,40.0,$$-$$$,2.5
220,Salon 39,"4,5",13,------16,--$$-$$$---,150 anmeldelser,"55.67839,12.554656",1859.9713830686994,40.0,40.0,45.0,45.0,$$-$$$,2.5
221,Restaurant Pilekælderen,"4,0",226,------1667.-147.,--$$-$$$---,144 anmeldelser,"55.681133,12.579561",317.3571559812658,40.0,45.0,40.0,40.0,$$-$$$,2.5
222,SPIS,"4,0",240,------1687.-161.,--$$-$$$------,117 anmeldelser,"55.677876,12.577106",501.78988568045946,40.0,40.0,40.0,35.0,$$-$$$,2.5
223,Cafe Oscar,"4,0",220,"------16,,,",--$$-$$$------,575 anmeldelser,"55.68551,12.591302",759.8284632311385,40.0,40.0,40.0,40.0,$$-$$$,2.5
224,Tarnet Restaurant,"4,0",233,------16636.-3.848.,--$$$$,206 anmeldelser,"55.67624,12.580449",477.13943640555124,45.0,50.0,50.0,,$$$$,4.0
225,Restaurant Flammen Kobenhavn HCA,"4,0",230,------16201.-221.,--$$-$$$---,414 anmeldelser,"55.672825,12.574137",1014.736989002952,40.0,40.0,40.0,,$$-$$$,2.5
226,Hyttefadet,"4,0",231,------1667.-228.,--$$-$$$---,522 anmeldelser,"55.680256,12.589661",344.43836235735176,35.0,40.0,45.0,40.0,$$-$$$,2.5
227,Mad &amp; Kaffe,"4,5",215,"------16,,,",--$$-$$$---,82 anmeldelser,"55.659092,12.60816",2766.3604236184296,45.0,45.0,40.0,,$$-$$$,2.5
228,Liban Cuisine,"5,0",216,------16134.-3.339.,--$---------,57 anmeldelser,"55.685165,12.553106",2032.1886382670748,45.0,50.0,45.0,35.0,$,1.0
229,The Market Asian Kitchen &amp; Bar,"4,0",228,------161.171.-6.659.,--$$-$$$---------,247 anmeldelser,"55.680305,12.581251",187.7871515943704,40.0,45.0,40.0,,$$-$$$,2.5
230,Relæ,"4,0",236,------16448.-723.,--$$$$---,791 anmeldelser,"55.693066,12.543383",2942.944747876128,35.0,40.0,40.0,35.0,$$$$,4.0
231,Scarpetta,"4,0",212,------1660.-147.,--$$-$$$------,311 anmeldelser,"55.685497,12.5523",2091.2150963788363,40.0,45.0,45.0,40.0,$$-$$$,2.5
232,Made in Italy,"4,5",15,------1620.-114.,--$---------,69 anmeldelser,"55.670746,12.532621",3392.3877391378865,50.0,50.0,45.0,,$,1.0
233,Kystens Perle,"4,0",237,"------16,,",--$$-$$$---,176 anmeldelser,"55.63661,12.654269",6525.193029027423,40.0,40.0,40.0,40.0,$$-$$$,2.5
234,Apropos - Cafe &amp; Restaurant,"4,0",217,------16154.-361.,--$$-$$$------,670 anmeldelser,"55.670692,12.561213",1772.3914326090423,35.0,40.0,40.0,40.0,$$-$$$,2.5
235,Restaurant Wilhelm,"4,5",227,------1647.-1.198.,--$$-$$$---,67 anmeldelser,"55.678253,12.582437",220.9485405363977,45.0,50.0,45.0,,$$-$$$,2.5
236,Halifax Østerbro,"4,0",234,------16,--$$-$$$---------,188 anmeldelser,"55.699085,12.57793",2160.6324216910584,40.0,40.0,45.0,40.0,$$-$$$,2.5
237,Halifax Frederiksberg,"4,0",12,"------16,",--$$-$$$------,218 anmeldelser,"55.680454,12.530861",3343.7339423455965,40.0,40.0,40.0,35.0,$$-$$$,2.5
238,Restaurant Havfruen,"4,0",211,------1694.-495.,--$$-$$$------,390 anmeldelser,"55.680023,12.590597",401.75297734655913,35.0,40.0,40.0,40.0,$$-$$$,2.5
239,Grillen Nørrebro Burger Bar,"4,0",239,"------16,,",--$------,249 anmeldelser,"55.68779,12.56035",1728.5953053356552,45.0,40.0,40.0,40.0,$,1.0
240,Den Gule Cottage,"4,5",238,"------16,,",--$$-$$$---,136 anmeldelser,"55.779682,12.590292",11093.288728991392,40.0,45.0,45.0,45.0,$$-$$$,2.5
241,Hansens Gamle Familiehave,"4,0",14,------1667.-997.,--$$-$$$---,318 anmeldelser,"55.672527,12.531405",3411.646314012597,40.0,40.0,40.0,40.0,$$-$$$,2.5
242,Il Grappolo Blu,"4,5",213,------16114.-743.,--$$$$---------,182 anmeldelser,"55.678535,12.562771",1352.3506114964944,40.0,45.0,45.0,45.0,$$$$,4.0
243,Tivolihallen,"4,0",214,"------16,,",--$$-$$$---,260 anmeldelser,"55.674496,12.573097",924.7218848088753,40.0,45.0,45.0,45.0,$$-$$$,2.5
244,Madklubben Vesterbro,"4,0",229,------16107.-274.,--$$-$$$---,1.084 anmeldelser,"55.672806,12.552887",2118.4249614362047,40.0,40.0,40.0,40.0,$$-$$$,2.5
245,Je t'aime,"4,5",232,"------16,",--$$-$$$---------,146 anmeldelser,"55.665348,12.557965",2313.0307495927805,45.0,45.0,45.0,45.0,$$-$$$,2.5
246,L'éducation Nationale,"4,0",253,------16100.-502.,--$$-$$$---------,287 anmeldelser,"55.678257,12.569578",935.8049894266313,35.0,40.0,40.0,40.0,$$-$$$,2.5
247,Restaurant Rebel,"4,0",261,------16248.-428.,--$$$$---,161 anmeldelser,"55.68346,12.587003",425.56999788129485,40.0,45.0,40.0,35.0,$$$$,4.0
248,Café Victor,"4,0",249,"------16,,,",--$$-$$$---------,639 anmeldelser,"55.680748,12.58331",101.92510321697227,35.0,40.0,40.0,40.0,$$-$$$,2.5
249,Bonjour Vietnam,"4,0",415,------1613.-20.,--$$-$$$------,391 anmeldelser,"55.672768,12.555522",1968.0645954131949,40.0,40.0,40.0,35.0,$$-$$$,2.5
250,Restaurant Sahil,"4,0",266,------16134.-502.,--$$-$$$---------,216 anmeldelser,"55.676945,12.589578",477.2921338141277,40.0,40.0,40.0,35.0,$$-$$$,2.5
251,Cafe Feel Good,"4,5",268,------1627.-127.,--$$-$$$---------,70 anmeldelser,"55.68443,12.567372",1164.7613824571315,40.0,45.0,40.0,,$$-$$$,2.5
252,Scurry Hub,"4,5",247,------1640.-60.,--$---------,156 anmeldelser,"55.68152,12.57251",752.0344023592917,45.0,45.0,40.0,40.0,$,1.0
253,Brus,"4,5",245,"------16,",--$$-$$$------,125 anmeldelser,"55.69221,12.556182",2220.9020910868285,40.0,40.0,40.0,,$$-$$$,2.5
254,Bastards,"4,5",256,"------16,,,",--$$-$$$---,167 anmeldelser,"55.676346,12.564416",1303.8032342258296,40.0,45.0,45.0,,$$-$$$,2.5
255,Karma Sushi Nyhavn,"4,0",254,------16100.-703.,--$$-$$$---------,254 anmeldelser,"55.6779,12.589242",392.0307994472511,40.0,45.0,35.0,45.0,$$-$$$,2.5
256,Ris8,"4,5",252,------1680.-107.,--$$-$$$---------,66 anmeldelser,"55.670784,12.546743",2560.7850121503047,50.0,50.0,50.0,,$$-$$$,2.5
257,Limone Piazza,"5,0",242,------16,---,45 anmeldelser,"55.679977,12.575628",536.7372084493023,50.0,50.0,50.0,,-,
258,Søren K,"4,0",269,"------16,,",--$$$$---,259 anmeldelser,"55.673264,12.582738",751.9784095233516,40.0,40.0,40.0,40.0,$$$$,4.0
259,Meatpacking District Food,"4,5",248,------16,--$$-$$$------,100 anmeldelser,"55.66832,12.5592",2033.5454782491001,40.0,45.0,45.0,,$$-$$$,2.5
260,Cafe Munk,"4,0",241,------16,--$$-$$$---------,174 anmeldelser,"55.68435,12.567383",1160.382512822946,40.0,40.0,40.0,45.0,$$-$$$,2.5
261,Frk. Barners Kaelder,"4,0",251,"------16,,",--$$-$$$---,1.359 anmeldelser,"55.67216,12.560765",1706.6336018812453,40.0,40.0,40.0,40.0,$$-$$$,2.5
262,La Fiesta Mexicana,"4,0",16,"------16,,",--$$-$$$------,187 anmeldelser,"55.67338,12.545139",2555.930499245201,40.0,40.0,45.0,40.0,$$-$$$,2.5
263,Madklubben Grill Copenhagen,"4,0",259,"------16,,,",--$$-$$$------,438 anmeldelser,"55.68047,12.580585",232.5190093948051,40.0,40.0,40.0,40.0,$$-$$$,2.5
264,Ristorante La Buca degli Artisti,"4,5",270,------16221.-770.,--$$-$$$---------,145 anmeldelser,"55.693344,12.511747",4777.950054006197,45.0,45.0,45.0,45.0,$$-$$$,2.5
265,A.C. Perch's Thehandel,"4,0",263,------16,--$$-$$$---,177 anmeldelser,"55.6806,12.578825",343.3643977090268,40.0,40.0,40.0,45.0,$$-$$$,2.5
266,Barburrito,"4,0",244,------161.004.-3.346.,--$$-$$$------,255 anmeldelser,"55.678875,12.573247",696.8777756231883,35.0,40.0,40.0,40.0,$$-$$$,2.5
267,Khmer Cuisine,"4,5",255,------1620.-294.,--$$-$$$------,57 anmeldelser,"55.68596,12.589122",733.6329670903066,45.0,45.0,45.0,,$$-$$$,2.5
268,Restaurant Uma,"4,0",257,------16127.-482.,--$$-$$$---------,130 anmeldelser,"55.681416,12.564747",1229.339767196227,40.0,45.0,40.0,35.0,$$-$$$,2.5
269,Carne Famo,"4,5",17,------16241.-970.,--$$-$$$---------,216 anmeldelser,"55.67444,12.550386",2207.012482884277,40.0,45.0,45.0,45.0,$$-$$$,2.5
270,Restaurationen,"4,5",246,"------16,,",--$$$$---,148 anmeldelser,"55.682068,12.57989",355.9594912938676,40.0,45.0,45.0,40.0,$$$$,4.0
271,Pastis,"4,0",260,"------16,",--$$-$$$------,415 anmeldelser,"55.682446,12.581867",310.75479154075776,35.0,40.0,40.0,40.0,$$-$$$,2.5
272,Famosi e Golosi,"4,5",18,------16201.-997.,--$$-$$$---------,111 anmeldelser,"55.6848,12.540813",2771.621003718974,45.0,45.0,45.0,45.0,$$-$$$,2.5
273,Restaurant 1733,"5,0",264,------1667.-248.,--$$-$$$------,63 anmeldelser,"55.676502,12.576349",625.2484148429427,45.0,50.0,50.0,,$$-$$$,2.5
274,Admiralgade 26,"4,5",250,"------16,",--$$-$$$------,79 anmeldelser,"55.6775,12.582222",301.7859012574382,40.0,40.0,45.0,,$$-$$$,2.5
275,Ellas,"4,5",243,"------16,,",--$---------,94 anmeldelser,"55.681828,12.572162",781.60156990334,45.0,45.0,45.0,,$,1.0
276,H table,"5,0",267,------1667.-120.,--$$-$$$---,36 anmeldelser,"55.68046,12.562862",1338.1514101585856,50.0,50.0,50.0,,$$-$$$,2.5
277,Restaurant Alouette,"4,5",274,------16696.-696.,--$$$$---------,47 anmeldelser,"55.662506,12.575921",2010.688235610328,45.0,45.0,45.0,,$$$$,4.0
278,Le Caprice,"5,0",281,------1620.-20.,--$---,30 anmeldelser,"55.68173,12.56324",1327.7402716234744,,,,,$,1.0
279,Restauarant Dada,"4,5",287,------1620.-301.,--$$-$$$---------,97 anmeldelser,"55.680492,12.571534",795.4628130169397,40.0,45.0,45.0,,$$-$$$,2.5
280,Ristorante L’Appetito,"4,0",300,"------16,,,",--$$-$$$---------,301 anmeldelser,"55.67597,12.561803",1472.5702052752,35.0,40.0,40.0,40.0,$$-$$$,2.5
281,Restaurant SULT,"4,0",290,"------16,,,",--$$-$$$---,244 anmeldelser,"55.68275,12.578266",482.6681066230546,35.0,40.0,40.0,35.0,$$-$$$,2.5
282,Oscar Bar Cafe,"4,0",292,"------16,,",--$$-$$$------,239 anmeldelser,"55.675716,12.571305",936.5026904613167,40.0,40.0,40.0,40.0,$$-$$$,2.5
283,Thai Pan,"4,0",293,------16114.-221.,--$$-$$$---------,152 anmeldelser,"55.6844,12.559739",1609.7567500063712,40.0,40.0,40.0,40.0,$$-$$$,2.5
284,Baan Thai Isarn,"4,0",295,------1667.-147.,--$$-$$$---------,149 anmeldelser,"55.670555,12.560226",1831.7223148203611,40.0,40.0,40.0,,$$-$$$,2.5
285,Peder Oxe,"4,0",286,"------16,,,",--$$-$$$---,1.226 anmeldelser,"55.67979,12.575988",514.5890874330971,35.0,40.0,40.0,40.0,$$-$$$,2.5
286,Anarki,"4,5",277,"------16,,",--$$-$$$---,96 anmeldelser,"55.67942,12.554821",1842.2537903141715,40.0,45.0,45.0,,$$-$$$,2.5
287,Restaurant Gorilla,"4,0",271,"------16,,",--$$-$$$---,765 anmeldelser,"55.667847,12.56077",1993.900036756837,40.0,40.0,40.0,40.0,$$-$$$,2.5
288,Restaurant Jacobsen,"4,0",285,"------16,,",--$$-$$$---,259 anmeldelser,"55.6825,12.574155",688.7870066419919,35.0,40.0,40.0,35.0,$$-$$$,2.5
289,The South Indian Vesterbro,"4,0",273,------1667.-248.,--$$-$$$---------,198 anmeldelser,"55.672462,12.556114",1948.577832435643,40.0,40.0,40.0,,$$-$$$,2.5
290,Café Gavlen,"4,5",296,------1654.-201.,--$$-$$$---,72 anmeldelser,"55.689835,12.563513",1697.4853568124317,45.0,45.0,40.0,40.0,$$-$$$,2.5
291,Dalle Valle,"4,0",279,"------16,,",--$---,926 anmeldelser,"55.68082,12.572753",723.0747545372262,40.0,35.0,40.0,35.0,$,1.0
292,Restaurant Fridas,"4,0",282,------1667.-214.,--$$-$$$---,309 anmeldelser,"55.67447,12.559225",1680.728706291426,40.0,40.0,40.0,40.0,$$-$$$,2.5
293,simpleRAW,"4,5",289,------1647.-301.,--$$-$$$---------,90 anmeldelser,"55.671333,12.549792",2361.2076076141834,40.0,45.0,45.0,45.0,$$-$$$,2.5
294,Cock's &amp; Cows Gl. Strand,"4,0",291,------1620.-181.,--$$-$$$------,917 anmeldelser,"55.677807,12.578809",414.73658408324326,35.0,40.0,35.0,35.0,$$-$$$,2.5
295,Restaurant Diamond Rice,"4,0",275,------1647.-201.,--$$-$$$---------,315 anmeldelser,"55.68223,12.588652",375.5462169474469,40.0,40.0,40.0,50.0,$$-$$$,2.5
296,Huks Fluks,"4,0",280,------1694.-261.,--$$-$$$---------,385 anmeldelser,"55.679996,12.575896",519.9395370036833,35.0,40.0,40.0,40.0,$$-$$$,2.5
297,The Fat Pike,"4,5",276,------16,--$$-$$$---,52 anmeldelser,"55.666653,12.580628",1498.297804826071,45.0,45.0,45.0,,$$-$$$,2.5
298,Ma'ed,"4,5",284,"------16,",--$---------,110 anmeldelser,"55.68889,12.555075",2076.8036006617317,45.0,45.0,40.0,40.0,$,1.0
299,Floras Cafe &amp; Steakhouse,"4,0",299,"------16,,",--$$-$$$------,496 anmeldelser,"55.67328,12.559772",1702.4397429851456,40.0,40.0,40.0,35.0,$$-$$$,2.5
300,Tony's Pizzeria,"4,5",294,------1647.-147.,--$---------,64 anmeldelser,"55.6706,12.557953",1947.6479330194009,45.0,45.0,45.0,,$,1.0
301,Tapa del Toro,"4,5",283,"------16,,",--$$-$$$------,114 anmeldelser,"55.674103,12.565872",1321.2037462662504,40.0,45.0,45.0,40.0,$$-$$$,2.5
302,B'india,"4,5",298,------16147.-294.,--$$-$$$---------,171 anmeldelser,"55.698723,12.576081",2145.5229904503053,40.0,45.0,45.0,35.0,$$-$$$,2.5
303,Les Trois Cochons,"4,0",288,------16,--$$-$$$------,449 anmeldelser,"55.673656,12.549966",2257.9321375504487,40.0,40.0,40.0,40.0,$$-$$$,2.5
304,K-bar,"4,5",278,------16,--$$-$$$,74 anmeldelser,"55.67793,12.580729",314.4420119716095,45.0,45.0,45.0,45.0,$$-$$$,2.5
305,Baest,"4,0",297,"------16,,",--$$-$$$---------,750 anmeldelser,"55.69223,12.555915",2235.509991779997,35.0,40.0,40.0,45.0,$$-$$$,2.5
306,The Modern,"4,0",715,------1647.-201.,--$$-$$$,46 anmeldelser,"55.6815,12.592594",553.4552584825883,40.0,40.0,35.0,,$$-$$$,2.5
307,Restaurant Godt,"4,5",272,"------16,,",--$$$$---,95 anmeldelser,"55.68211,12.582561",258.21395356350143,45.0,50.0,45.0,45.0,$$$$,4.0
308,Sticks’n’Sushi,"4,5",311,------16248.-549.,--$$-$$$---------,68 anmeldelser,"55.67429,12.565664",1322.4851708708115,40.0,45.0,45.0,,$$-$$$,2.5
309,Blød Hat,"4,0",316,------16100.-248.,--$$-$$$------,237 anmeldelser,"55.67678,12.574301",714.6467345392947,40.0,40.0,40.0,,$$-$$$,2.5
310,Cafe Toldboden,"4,5",325,------1674.-248.,--$$-$$$---,44 anmeldelser,"55.68723,12.59589",1090.1582147958168,45.0,45.0,45.0,,$$-$$$,2.5
311,Nha Trang,"4,5",323,"------16,",--$$-$$$---------,96 anmeldelser,"55.687527,12.546906",2483.3979804555024,45.0,45.0,45.0,45.0,$$-$$$,2.5
312,Gorm's Magstræde,"4,0",327,------16335.-2.008.,--$$-$$$---------,246 anmeldelser,"55.676304,12.575182",696.9367512969797,40.0,40.0,40.0,45.0,$$-$$$,2.5
313,Nimb Brasserie,"4,0",302,"------16,,",--$$$$---,864 anmeldelser,"55.673717,12.566682",1299.7812640272216,35.0,40.0,35.0,40.0,$$$$,4.0
314,Jensens Bøfhus København (Vesterbrogade),"3,5",321,------16134.-167.,--$$-$$$---------,896 anmeldelser,"55.673473,12.561394",1601.7949959618452,35.0,35.0,35.0,30.0,$$-$$$,2.5
315,Al-Diwan,"4,0",301,------16167.-609.,--$$-$$$---------,174 anmeldelser,"55.67222,12.54816",2418.0913210047424,40.0,40.0,40.0,35.0,$$-$$$,2.5
316,Ravage Restaurant Copenhagen,"4,0",313,"------16,",--$$-$$$------,323 anmeldelser,"55.68115,12.58605",174.9860848971997,35.0,40.0,40.0,40.0,$$-$$$,2.5
317,Scarpetta,"4,0",324,------16395.-970.,--$$-$$$------,176 anmeldelser,"55.657326,12.56676",2745.621652300932,40.0,45.0,40.0,40.0,$$-$$$,2.5
318,Lidkoeb,"4,5",304,------16,--$$-$$$,91 anmeldelser,"55.673317,12.551618",2172.3093012185063,45.0,45.0,45.0,,$$-$$$,2.5
319,Restaurant Melee,"4,0",305,"------16,",--$$-$$$------,184 anmeldelser,"55.675793,12.542536",2652.64489531281,40.0,45.0,40.0,40.0,$$-$$$,2.5
320,Juicy Burger,"4,0",319,"------16,",--$$-$$$------,190 anmeldelser,"55.667496,12.55867",2118.1436681549358,40.0,40.0,40.0,,$$-$$$,2.5
321,XOCOVINO,"5,0",322,"------16,,,",--$$-$$$---,45 anmeldelser,"55.680054,12.575302",557.2404978971422,45.0,45.0,45.0,,$$-$$$,2.5
322,Poonchai Thai Restaurant,"4,0",303,"------16,",--$$-$$$---------,403 anmeldelser,"55.672348,12.563333",1558.7344790121786,35.0,40.0,40.0,35.0,$$-$$$,2.5
323,Toldbod Bodega,"4,0",310,------1667.-201.,--$$-$$$,178 anmeldelser,"55.687363,12.590702",917.1654089905493,40.0,45.0,40.0,45.0,$$-$$$,2.5
324,Cafe &amp; Ølhalle 1892,"4,5",307,------1647.-161.,--$$-$$$---,99 anmeldelser,"55.68495,12.570135",1040.2111696412883,40.0,45.0,45.0,40.0,$$-$$$,2.5
325,Møller Kaffe &amp; Køkken,"4,0",308,------1627.-47.,--$$-$$$------,195 anmeldelser,"55.695568,12.54705",2902.542787010181,35.0,45.0,35.0,,$$-$$$,2.5
326,Lundgren V.I.P. Bagerstraede,"4,0",317,------16669.-1.338.,--$$-$$$------,236 anmeldelser,"55.673042,12.554618",2008.0599509275007,40.0,40.0,40.0,40.0,$$-$$$,2.5
327,Midori - Izakaya and Greenery,"4,5",330,"------16,,,",--$$-$$$------,78 anmeldelser,"55.681286,12.582967",164.4933426280692,45.0,50.0,45.0,,$$-$$$,2.5
328,Nyhavn 37 Café,"4,0",318,------161.004.-2.342.,--$$-$$$---,274 anmeldelser,"55.68003,12.590755",411.6681192707787,35.0,40.0,40.0,45.0,$$-$$$,2.5
329,Skagen Fiskerestaurant Illum Rooftop,"4,0",320,------1687.-475.,--$$-$$$------,200 anmeldelser,"55.679367,12.579806",283.05341520500144,40.0,45.0,40.0,,$$-$$$,2.5
330,Restaurant MA,"5,0",481,"------16,,,",--$$$$---,20 anmeldelser,"55.682,12.579844",353.28630040718,,,,,$$$$,4.0
331,La Petanque,"4,0",306,"------16,",--$$-$$$---------,148 anmeldelser,"55.683426,12.568272",1069.0266387349654,40.0,45.0,40.0,45.0,$$-$$$,2.5
332,Restaurant Silo,"4,0",326,"------16,,",--$$-$$$---,163 anmeldelser,"55.708157,12.597942",3249.852429860284,40.0,40.0,40.0,,$$-$$$,2.5
333,Restaurant Gilleleje,"4,5",314,"------16,,",--$$-$$$---,94 anmeldelser,"55.680058,12.589696",345.35098832944436,40.0,45.0,45.0,40.0,$$-$$$,2.5
334,Hot Buns,"4,0",315,------1654.-201.,--$$-$$$---,442 anmeldelser,"55.681534,12.58494",179.4134401505682,35.0,40.0,35.0,30.0,$$-$$$,2.5
335,Vesterbros Originale Burgerrestaurant,"4,0",328,"------16,,",--$$-$$$------,202 anmeldelser,"55.670677,12.558324",1923.422175820348,40.0,40.0,40.0,35.0,$$-$$$,2.5
336,restaurant Naert,"4,5",312,------1667.-422.,--$$$$---,112 anmeldelser,"55.681812,12.577632",458.9427842429018,45.0,45.0,45.0,,$$$$,4.0
337,Rosie McGee's Restaurant &amp; Bar,"4,0",309,"------16,,,,,",--$$-$$$------,747 anmeldelser,"55.675655,12.567479",1152.6506064324014,35.0,40.0,40.0,40.0,$$-$$$,2.5
338,NyhavnsKroen,"4,0",329,------1660.-228.,--$$-$$$---,293 anmeldelser,"55.67981,12.591238",442.2980666157004,35.0,40.0,40.0,40.0,$$-$$$,2.5
339,Almanak - The Standard,"4,0",334,"------16,,",--$$-$$$---,798 anmeldelser,"55.67765,12.591802",542.9075996829147,35.0,40.0,40.0,40.0,$$-$$$,2.5
340,Tony's,"4,0",338,------16268.-669.,--$$-$$$---------,439 anmeldelser,"55.67798,12.591799",526.2359775010901,40.0,40.0,40.0,40.0,$$-$$$,2.5
341,Sushi Lovers Torvehallerne,"4,5",337,"------16,,,",--$$-$$$---------,122 anmeldelser,"55.68395,12.569322",1031.4341235095696,40.0,45.0,40.0,40.0,$$-$$$,2.5
342,Restaurant Bar´bette,"4,0",350,"------16,,,",--$$-$$$---,105 anmeldelser,"55.687534,12.593401",1019.5896356032532,35.0,40.0,40.0,,$$-$$$,2.5
343,Bankeråt,"4,0",355,------1620.-187.,--$$-$$$---,123 anmeldelser,"55.683426,12.56527",1246.5262545082533,35.0,40.0,40.0,45.0,$$-$$$,2.5
344,Lazio,"4,5",348,------16120.-228.,--$$-$$$------,116 anmeldelser,"55.692,12.514204",4586.128047432392,45.0,45.0,45.0,45.0,$$-$$$,2.5
345,Tivoli Hotel,"4,0",339,------16,--$$-$$$------,239 anmeldelser,"55.66581,12.565738",1954.5295810652256,35.0,40.0,40.0,35.0,$$-$$$,2.5
346,Cap Horn,"4,0",342,------16134.-167.,--$$-$$$---,1.486 anmeldelser,"55.680363,12.589559",339.3683740366425,35.0,40.0,40.0,45.0,$$-$$$,2.5
347,GURU,"4,0",357,"------16,,",--$$-$$$------,810 anmeldelser,"55.676147,12.566421",1192.6398685519416,35.0,45.0,40.0,45.0,$$-$$$,2.5
348,Wining &amp; Dining,"4,5",340,------16167.-341.,--$$-$$$---,128 anmeldelser,"55.679905,12.57544",548.5825004170243,45.0,45.0,45.0,40.0,$$-$$$,2.5
349,Beyzade,"4,5",354,"------16,",--$$-$$$---------,59 anmeldelser,"55.674324,12.558803",1711.2949808181793,45.0,45.0,45.0,,$$-$$$,2.5
350,Nærvær,"4,5",349,------16100.-201.,--$$$$---------,73 anmeldelser,"55.677216,12.596492",830.1795587035215,45.0,45.0,45.0,,$$$$,4.0
351,Restaurant Kareten,"4,5",351,------16100.-261.,--$$-$$$---,104 anmeldelser,"55.66479,12.599408",1939.705717566161,40.0,40.0,45.0,45.0,$$-$$$,2.5
352,Italo Disco,"4,5",347,"------16,,",--$$-$$$---------,62 anmeldelser,"55.67206,12.549704",2334.562077660848,45.0,45.0,45.0,,$$-$$$,2.5
353,Sticks'n'Sushi,"4,0",341,------16248.-549.,--$$-$$$---------,120 anmeldelser,"55.676453,12.542033",2671.931417229199,40.0,45.0,45.0,40.0,$$-$$$,2.5
354,Bistro Royal,"4,0",333,"------16,",--$$-$$$------,563 anmeldelser,"55.681316,12.585493",169.84822471330799,35.0,40.0,35.0,35.0,$$-$$$,2.5
355,La Galette,"4,0",358,"------16,",--$$-$$$---------,206 anmeldelser,"55.67818,12.569036",970.820174230706,40.0,40.0,35.0,35.0,$$-$$$,2.5
356,Sachi Sushi,"4,0",345,"------16,,",--$$-$$$---------,139 anmeldelser,"55.6729,12.558299",1803.9824436718065,40.0,40.0,40.0,35.0,$$-$$$,2.5
357,FEDTEGREVEN BistroBodega,"4,5",336,"------16,,",--$$-$$$---,70 anmeldelser,"55.68186,12.582444",236.24570347950316,45.0,45.0,50.0,,$$-$$$,2.5
358,Trattoria FIAT,"4,0",343,------16201.-502.,--$$-$$$---------,1.018 anmeldelser,"55.681297,12.585846",179.80835509012692,35.0,40.0,40.0,40.0,$$-$$$,2.5
359,Broens Gadekøkken,"4,5",332,------1674.-167.,--$$-$$$---------,74 anmeldelser,"55.67795,12.596839",824.4800819697932,40.0,40.0,40.0,,$$-$$$,2.5
360,Hachi Sushi,"5,0",353,"------16,",--$$-$$$---------,45 anmeldelser,"55.698742,12.57856",2116.1973384622297,45.0,50.0,45.0,,$$-$$$,2.5
361,Orangeriet,"4,0",356,"------16,,",--$$-$$$---,333 anmeldelser,"55.684704,12.581986",543.4645911163423,35.0,40.0,35.0,45.0,$$-$$$,2.5
362,The South Indian Frederisberg,"4,0",360,------1667.-301.,--$$-$$$---------,115 anmeldelser,"55.685764,12.536876",3035.013814255805,40.0,45.0,40.0,40.0,$$-$$$,2.5
363,Trattoria l’Alba,"4,5",23,------16248.-388.,--$$-$$$---------,176 anmeldelser,"55.678543,12.589863",389.8143709432584,45.0,50.0,45.0,,$$-$$$,2.5
364,Restaurant Grøften,"4,0",331,"------16,,",--$$-$$$---,977 anmeldelser,"55.67436,12.566679",1263.0910820705378,35.0,40.0,45.0,45.0,$$-$$$,2.5
365,Cafe Fremtiden,"4,0",335,"------16,,",--$$-$$$---,105 anmeldelser,"55.68125,12.592433",535.8516332081222,40.0,45.0,40.0,40.0,$$-$$$,2.5
366,Hidden Dimsum,"4,5",359,------16100.-348.,--$$-$$$---------,99 anmeldelser,"55.67746,12.573211",743.0167895051724,35.0,40.0,40.0,,$$-$$$,2.5
367,JaDa! Cafe,"5,0",346,------1647.-80.,--$$-$$$---------,27 anmeldelser,"55.677483,12.576071",579.6270989778867,50.0,50.0,50.0,,$$-$$$,2.5
368,Ban Gaw,"4,0",352,"------16,",--$$-$$$---------,198 anmeldelser,"55.668987,12.557536",2070.349683876655,40.0,40.0,40.0,35.0,$$-$$$,2.5
369,Ristorante Fabio,"4,0",19,------16100.-147.,--$$-$$$---------,295 anmeldelser,"55.68366,12.536819",2997.771609206589,40.0,40.0,40.0,45.0,$$-$$$,2.5
370,WOK Vesterbro,"4,5",384,"------16,,,",--$---------,110 anmeldelser,"55.671547,12.545605",2594.4951896269945,40.0,40.0,45.0,35.0,$,1.0
371,Granola,"4,0",23,------16100.-134.,--$$-$$$------,491 anmeldelser,"55.67328,12.549996",2269.5272070983733,35.0,40.0,40.0,45.0,$$-$$$,2.5
372,Krøgers Familiehave ,"4,0",21,------1667.-201.,--$$-$$$,173 anmeldelser,"55.67094,12.531083",3478.1221244999706,40.0,40.0,45.0,45.0,$$-$$$,2.5
373,Restaurant Dubrovnik,"4,0",382,"------16,,",--$$-$$$------,96 anmeldelser,"55.678165,12.568126",1027.0442146952903,40.0,40.0,40.0,40.0,$$-$$$,2.5
374,Thirion - Charcuterie &amp; Vins,"5,0",363,"------16,",--$$-$$$---,43 anmeldelser,"55.6725,12.59435",1047.4222940130333,50.0,45.0,50.0,45.0,$$-$$$,2.5
375,Restaurant D'Angleterre,"4,5",370,"------16,",--$$$$------,122 anmeldelser,"55.6807,12.584952",93.53906340045441,40.0,45.0,45.0,45.0,$$$$,4.0
376,Restaurant Sankt Annae,"4,0",389,"------16,,",--$$$$---,239 anmeldelser,"55.681576,12.591408",486.23029134891146,35.0,45.0,40.0,45.0,$$$$,4.0
377,MASH Penthouse,"4,0",385,"------16,,",--$$$$---------,355 anmeldelser,"55.6663,12.565255",1929.3712984022586,35.0,40.0,35.0,,$$$$,4.0
378,Nimb Bar’N' Grill,"4,0",380,"------16,",--$$$$------,153 anmeldelser,"55.673332,12.566376",1339.1648942967383,35.0,40.0,40.0,35.0,$$$$,4.0
379,Co-ma Bistro,"4,0",362,------1667.-228.,--$$-$$$------,121 anmeldelser,"55.676464,12.564306",1306.377552718557,45.0,45.0,45.0,,$$-$$$,2.5
380,La Bonne,"4,5",22,------1620.-134.,--$$-$$$---,36 anmeldelser,"55.6792,12.526037",3646.8264880296724,50.0,50.0,50.0,,$$-$$$,2.5
381,Il Ponte Restaurant,"4,0",376,------16147.-194.,--$$-$$$---------,187 anmeldelser,"55.67656,12.571904",858.8574868176904,40.0,40.0,45.0,40.0,$$-$$$,2.5
382,Restaurant LêLê,"3,5",387,------16301.-1.191.,--$$-$$$------,494 anmeldelser,"55.672493,12.55578",1966.054388105767,35.0,40.0,40.0,35.0,$$-$$$,2.5
383,Deligreco,"4,0",20,------1667.-201.,--$$-$$$---------,170 anmeldelser,"55.67805,12.534747",3107.180350083228,40.0,45.0,45.0,45.0,$$-$$$,2.5
384,Vespa,"4,0",378,------1633.-1.044.,--$$-$$$------,182 anmeldelser,"55.685787,12.588984",712.542455090799,40.0,40.0,40.0,35.0,$$-$$$,2.5
385,Antons Køkken,"4,0",381,------16535.-2.001.,--$$-$$$---,173 anmeldelser,"55.665886,12.57875",1603.542099569384,40.0,45.0,45.0,45.0,$$-$$$,2.5
386,Hereford Steak,"4,0",375,------1667.-248.,--$$-$$$------,226 anmeldelser,"55.682816,12.58647",346.55281333600783,35.0,35.0,35.0,35.0,$$-$$$,2.5
387,Cantina,"4,0",377,"------16,,,",--$$-$$$---------,239 anmeldelser,"55.68244,12.584143",273.88887227756896,35.0,40.0,40.0,,$$-$$$,2.5
388,Barril,"4,5",367,------16669.-1.439.,--$$-$$$---,73 anmeldelser,"55.673058,12.560778",1657.2684436251948,45.0,45.0,45.0,,$$-$$$,2.5
389,Sticks'n'Sushi,"4,0",373,------16248.-549.,--$$-$$$---------,111 anmeldelser,"55.736664,12.574831",6330.522205569664,40.0,45.0,40.0,40.0,$$-$$$,2.5
390,Rasoi,"4,0",364,------1654.-201.,--$$-$$$---------,191 anmeldelser,"55.635212,12.582294",4979.067570248647,35.0,40.0,35.0,35.0,$$-$$$,2.5
391,Fru Nimb,"4,0",379,"------16,,",--$$-$$$---,226 anmeldelser,"55.673653,12.566953",1289.3323514390386,40.0,40.0,40.0,,$$-$$$,2.5
392,Restaurant Trio,"4,0",390,"------16,,,,",--$$$$---------,131 anmeldelser,"55.675617,12.565626",1260.799476090987,40.0,40.0,40.0,,$$$$,4.0
393,Restaurant Viva,"4,0",386,------1687.-750.,--$$-$$$---,114 anmeldelser,"55.670357,12.580497",1094.4626838203098,40.0,45.0,45.0,45.0,$$-$$$,2.5
394,Cube Bar,"4,5",383,------16,--$$-$$$,54 anmeldelser,"55.673367,12.561259",1614.6847722333569,45.0,,50.0,,$$-$$$,2.5
395,RetroGusto,"4,5",71,"------16,",--$$-$$$---------,571 anmeldelser,"55.67287,12.558201",1810.967276031799,45.0,45.0,45.0,45.0,$$-$$$,2.5
396,Nyhavns Faergekro,"4,0",361,------1674.-228.,--$$-$$$---,1.021 anmeldelser,"55.68072,12.588305",270.92906909060434,35.0,40.0,40.0,45.0,$$-$$$,2.5
397,Behov,"4,5",374,"------16,,",--$$-$$$---------,80 anmeldelser,"55.7091,12.519331",5196.959556681284,35.0,45.0,35.0,,$$-$$$,2.5
398,Falernum,"4,0",388,------16127.-294.,--$$-$$$---,121 anmeldelser,"55.674072,12.549883",2248.929302076116,40.0,40.0,40.0,45.0,$$-$$$,2.5
399,Rambla,"4,0",366,------1647.-248.,--$$-$$$---------,235 anmeldelser,"55.631634,12.574752",5408.006350689199,35.0,40.0,40.0,40.0,$$-$$$,2.5
400,Perbacco,"5,0",372,------1647.-107.,--$$-$$$------,63 anmeldelser,"55.68087,12.578186",389.24175613518054,45.0,45.0,45.0,,$$-$$$,2.5
401,Haché Gourmet Burgers,"4,0",392,------1694.-201.,--$$-$$$------,211 anmeldelser,"55.68463,12.569734",1043.498247969171,40.0,40.0,40.0,35.0,$$-$$$,2.5
402,Tapas Huset,"3,5",427,------1660.-248.,--$$-$$$---------,375 anmeldelser,"55.676216,12.566183",1203.9020210152732,35.0,40.0,35.0,,$$-$$$,2.5
403,Gronsagen,"4,5",411,------16,--$------,40 anmeldelser,"55.673153,12.600447",1270.7571827545191,45.0,45.0,40.0,,$,1.0
404,Nytorv Restaurant and Cafe,"3,5",402,"------16,,",--$$-$$$---,447 anmeldelser,"55.677418,12.573448",731.0792475069408,35.0,40.0,40.0,40.0,$$-$$$,2.5
405,Kopan Rice,"4,5",391,------1660.-147.,--$---------,37 anmeldelser,"55.68455,12.571413",948.7240034625933,45.0,50.0,45.0,,$,1.0
406,Bonjour Vietnam,"4,0",415,------1613.-20.,--$$-$$$------,391 anmeldelser,"55.672768,12.555522",1968.0645954131949,40.0,40.0,40.0,35.0,$$-$$$,2.5
407,Gemyse,"4,0",398,"------16,",--$$-$$$------,118 anmeldelser,"55.673637,12.56896",1186.903166515824,35.0,35.0,35.0,,$$-$$$,2.5
408,Cafe G,"3,5",417,------1687.-201.,--$$-$$$---,311 anmeldelser,"55.680023,12.575556",541.2749851185431,40.0,40.0,40.0,35.0,$$-$$$,2.5
409,Brooklyn Bar København,"4,0",403,"------16,,",--$$-$$$---,223 anmeldelser,"55.6799,12.591476",456.9088492852163,40.0,40.0,40.0,40.0,$$-$$$,2.5
410,Halifax Vesterbrogade,"4,0",418,"------16,,",--$$-$$$------,75 anmeldelser,"55.672874,12.551661",2187.088469924303,45.0,45.0,45.0,,$$-$$$,2.5
411,BOB Biomio Organic Bistro,"4,0",407,------16100.-248.,--$$-$$$---,664 anmeldelser,"55.66926,12.558733",1991.9403550038105,35.0,40.0,40.0,40.0,$$-$$$,2.5
412,Restaurant Galionen,"3,5",416,"------16,,,",--$$-$$$------,312 anmeldelser,"55.68028,12.589475",333.0857306433128,30.0,35.0,35.0,40.0,$$-$$$,2.5
413,Dag H,"4,0",394,------16100.-301.,--$$-$$$------,256 anmeldelser,"55.6958,12.580504",1774.5388731982293,35.0,40.0,40.0,40.0,$$-$$$,2.5
414,Nobu,"4,0",406,------161.138.-2.342.,--$$-$$$---------,153 anmeldelser,"55.67084,12.561297",1758.5520237219234,35.0,40.0,35.0,40.0,$$-$$$,2.5
415,Ravnsborg Vinbar,"4,0",405,------1687.-147.,--$$-$$$---,73 anmeldelser,"55.689247,12.562842",1689.1480322633374,40.0,40.0,45.0,,$$-$$$,2.5
416,Mums Deli,"5,0",393,"------16,,,",--$---------,28 anmeldelser,"55.67669,12.57466",700.3819827364633,,,,,$,1.0
417,PUBLIC - The Italian Social Dining Bar,"4,5",408,------1674.-348.,--$$-$$$---,53 anmeldelser,"55.66934,12.558103",2018.5051517686136,45.0,50.0,50.0,,$$-$$$,2.5
418,Restaurant M,"4,0",412,"------16,,",--$$-$$$---,145 anmeldelser,"55.683556,12.587222",441.04890513299375,35.0,40.0,40.0,35.0,$$-$$$,2.5
419,Duck It,"4,5",410,------1680.-147.,--$---,52 anmeldelser,"55.67955,12.598218",880.7927084151073,40.0,45.0,40.0,,$,1.0
420,The Old English Pub,"4,0",413,"------16,,",--$$-$$$---,173 anmeldelser,"55.67562,12.566665",1200.7924869559074,35.0,35.0,40.0,40.0,$$-$$$,2.5
421,Le Petit i Torvehallerne,"4,5",396,"------16,,,,",--$$-$$$------,54 anmeldelser,"55.683887,12.569258",1032.0912456837248,40.0,45.0,45.0,,$$-$$$,2.5
422,Restaurant Taller,"4,5",401,"------16,,",--$$$$---------,62 anmeldelser,"55.678646,12.587219",240.79760460266343,45.0,45.0,50.0,,$$$$,4.0
423,Ristorante Cafe Leo,"4,5",409,------1667.-248.,--$$-$$$---------,105 anmeldelser,"55.685745,12.584642",642.0007919548693,45.0,45.0,45.0,40.0,$$-$$$,2.5
424,Cafe Langebro,"4,5",414,"------16,,,",--$$-$$$,67 anmeldelser,"55.66925,12.580342",1216.939099698915,40.0,35.0,40.0,40.0,$$-$$$,2.5
425,20 a,"4,0",397,"------16,,",--$$-$$$---,85 anmeldelser,"55.68937,12.562975",1690.962622886567,40.0,40.0,40.0,,$$-$$$,2.5
426,Hard Rock Cafe København,"3,5",419,------1627.-261.,--$$-$$$---,1.261 anmeldelser,"55.676502,12.569007",1027.3114169348205,35.0,40.0,40.0,35.0,$$-$$$,2.5
427,Dina Bar Kafe,"5,0",404,------1633.-141.,--$$-$$$---------,25 anmeldelser,"55.677685,12.567221",1093.934035603124,50.0,50.0,50.0,,$$-$$$,2.5
428,Blue Bike Café,"4,5",400,------1627.-100.,--$---------,51 anmeldelser,"55.686825,12.580847",789.7637257120754,45.0,45.0,45.0,,$,1.0
429,Voraz Bar &amp; Café,"4,5",399,------1620.-94.,--$$-$$$------,88 anmeldelser,"55.6772,12.575672",616.8500497799115,45.0,40.0,45.0,,$$-$$$,2.5
430,Hot Pot Republic,"4,5",395,------16268.-388.,--$$-$$$---------,85 anmeldelser,"55.672707,12.551791",2186.2915331206345,40.0,45.0,45.0,,$$-$$$,2.5
431,Cafe Kitchenette,"4,0",24,"------16,,,",--$$-$$$------,149 anmeldelser,"55.681324,12.549269",2194.3531655293154,40.0,40.0,40.0,50.0,$$-$$$,2.5
432,Brasserie Jacobsen ILLUM ROOFTOP,"4,0",1280,"------16,",--$---,12 anmeldelser,"55.679115,12.579892",285.9579013106541,,,,,$,1.0
433,Tapas Huset,"3,5",427,------1660.-248.,--$$-$$$---------,375 anmeldelser,"55.676216,12.566183",1203.9020210152732,35.0,40.0,35.0,,$$-$$$,2.5
434,Pizza Time,"4,5",423,"------16,,,",--$---------,67 anmeldelser,"55.681324,12.584601",151.98736969364984,45.0,45.0,40.0,,$,1.0
435,Ankara,"3,5",438,"------16,",--$---------,312 anmeldelser,"55.672768,12.557859",1835.2124771214071,40.0,35.0,35.0,30.0,$,1.0
436,Hooked,"4,5",430,------1694.-161.,--$$-$$$------,34 anmeldelser,"55.669567,12.558242",1996.707150581474,45.0,50.0,45.0,,$$-$$$,2.5
437,Pizza Huset,"4,5",440,------16268.-482.,--$---------,43 anmeldelser,"55.6818,12.58336",209.26967794948638,45.0,45.0,45.0,,$,1.0
438,Harrys Place,"4,5",439,"------16,,,",--$---,44 anmeldelser,"55.69981,12.536436",3717.7802062180094,45.0,45.0,40.0,,$,1.0
439,Chicky Grill-Bar,"4,0",433,------1647.-100.,--$---,70 anmeldelser,"55.669067,12.558372",2022.9236669552577,45.0,45.0,40.0,35.0,$,1.0
440,Da Aldo Pizzeria,"4,5",444,------1640.-74.,--$$$$------,31 anmeldelser,"55.68458,12.566907",1198.2386663846426,50.0,45.0,45.0,,$$$$,4.0
441,Carlton,"3,5",447,"------16,,",--$$-$$$---,316 anmeldelser,"55.670574,12.560929",1794.5103566488829,35.0,40.0,40.0,35.0,$$-$$$,2.5
442,Restaurant Mes,"4,0",448,"------16,,",--$$-$$$---,117 anmeldelser,"55.67882,12.56606",1143.8626451682876,40.0,45.0,40.0,,$$-$$$,2.5
443,Gorm's Nyhavn,"3,5",436,------1647.-301.,--$$-$$$---------,308 anmeldelser,"55.679874,12.590111",371.4287575687339,35.0,40.0,35.0,40.0,$$-$$$,2.5
444,Krystal Sandwich,"5,0",437,------1633.-60.,--$------,28 anmeldelser,"55.681225,12.574304",635.0803287690459,,,,,$,1.0
445,Astor Deep Pan Pizza,"3,5",431,"------16,,",--$---------,423 anmeldelser,"55.67383,12.563245",1480.4113640831301,40.0,35.0,40.0,35.0,$,1.0
446,Boston Grill Mayfair,"4,0",432,------16100.-602.,--$$-$$$------,88 anmeldelser,"55.67277,12.561554",1629.8424401551886,35.0,40.0,45.0,,$$-$$$,2.5
447,Selfish Take Away,"4,5",446,------16141.-207.,--$$-$$$---------,71 anmeldelser,"55.689423,12.557978",1950.1119949340527,45.0,45.0,40.0,40.0,$$-$$$,2.5
448,Noho,"4,5",424,------1667.-375.,--$$-$$$---------,40 anmeldelser,"55.667652,12.558191",2129.717824835151,45.0,45.0,45.0,,$$-$$$,2.5
449,Balthazar Champagne Bar,"4,5",428,------16,--$$$$,112 anmeldelser,"55.680656,12.583381",90.93069535022259,40.0,45.0,45.0,45.0,$$$$,4.0
450,The Italian,"3,5",422,"------16,",--$$-$$$---------,461 anmeldelser,"55.677307,12.567539",1085.2977803193232,35.0,40.0,35.0,35.0,$$-$$$,2.5
451,Pizzicato,"5,0",25,"------16,,,",--$---------,43 anmeldelser,"55.675213,12.547089",2385.6436429060973,45.0,50.0,45.0,,$,1.0
452,Teaterkaelderen,"4,0",429,------16167.-669.,--$$-$$$------,90 anmeldelser,"55.67315,12.555283",1964.9542345068426,40.0,40.0,45.0,45.0,$$-$$$,2.5
453,Isoteket,"5,0",442,------1627.-40.,--$---------,25 anmeldelser,"55.70505,12.580834",2795.9136912316835,50.0,50.0,50.0,,$,1.0
454,lalala,"4,0",441,------1674.-274.,--$$-$$$------,116 anmeldelser,"55.67657,12.59515",784.7013611205477,40.0,40.0,40.0,,$$-$$$,2.5
455,FAMO Metro,"4,0",425,"------16,",--$$-$$$------,122 anmeldelser,"55.695793,12.579769",1780.3529390041724,40.0,45.0,40.0,40.0,$$-$$$,2.5
456,Grillen Christianshavn,"4,0",421,"------16,,",--$$-$$$------,99 anmeldelser,"55.67167,12.591255",1024.4431987962496,40.0,40.0,40.0,,$$-$$$,2.5
457,Cafe Royal,"4,5",434,------16201.-997.,--$$$$------,57 anmeldelser,"55.674698,12.564094",1389.9592193222668,40.0,45.0,45.0,,$$$$,4.0
458,Restaurant Frascati,"3,5",450,"------16,,",--$$-$$$---------,699 anmeldelser,"55.673832,12.562451",1524.6435939238181,35.0,40.0,35.0,35.0,$$-$$$,2.5
459,Samos,"3,5",443,"------16,,",--$---------,312 anmeldelser,"55.679417,12.574208",628.8568861874311,40.0,35.0,40.0,35.0,$,1.0
460,The Dubliner,"3,5",449,"------16,,,,",--$$-$$$------,399 anmeldelser,"55.67876,12.579142",344.1589043953759,35.0,35.0,35.0,40.0,$$-$$$,2.5
461,Alabama Social,"4,0",445,"------16,",--$$-$$$---------,188 anmeldelser,"55.687775,12.5631",1581.0189035877033,35.0,40.0,40.0,,$$-$$$,2.5
462,Hanzo,"4,0",426,"------16,",--$$-$$$---------,118 anmeldelser,"55.67384,12.55015",2240.6511993345835,40.0,45.0,40.0,40.0,$$-$$$,2.5
463,WOK Vesterbro,"4,5",384,"------16,,,",--$---------,110 anmeldelser,"55.671547,12.545605",2594.4951896269945,40.0,40.0,45.0,35.0,$,1.0
464,Ingolfs Kaffebar,"4,0",464,------16100.-268.,--$$-$$$------,79 anmeldelser,"55.650112,12.612074",3753.195728415268,40.0,40.0,40.0,45.0,$$-$$$,2.5
465,Library Bar,"4,0",469,------16,--$$-$$$,97 anmeldelser,"55.673748,12.564692",1405.0358166313586,35.0,35.0,40.0,45.0,$$-$$$,2.5
466,The Royal Cafe,"4,0",463,"------16,,,",--$$-$$$---,217 anmeldelser,"55.67919,12.579003",336.7205504093069,35.0,40.0,35.0,45.0,$$-$$$,2.5
467,The Globe Irish Pub,"4,0",471,"------16,,,",--$$-$$$------,111 anmeldelser,"55.681892,12.570893",860.3383385956538,40.0,40.0,45.0,45.0,$$-$$$,2.5
468,Pasta La Pasta,"5,0",475,------1620.-114.,--$$-$$$---,23 anmeldelser,"55.680416,12.583033",87.39541852326073,45.0,45.0,45.0,,$$-$$$,2.5
469,Restaurant Frksbrg,"4,0",27,------1613.-20.,--$$-$$$------,97 anmeldelser,"55.67837,12.532575",3240.873515356991,40.0,45.0,45.0,45.0,$$-$$$,2.5
470,Satang Thai Bistro,"5,0",28,------16,--$$-$$$,23 anmeldelser,"55.685,12.548056",2333.0186192718493,50.0,50.0,45.0,,$$-$$$,2.5
471,Manfreds,"3,5",451,"------16,,",--$$-$$$---,735 anmeldelser,"55.693233,12.543248",2959.5026319680933,35.0,40.0,40.0,40.0,$$-$$$,2.5
472,Fiskekutteren HM800 Jammerbugt - Thorupstrand Fisk,"4,5",479,------16,--$---,27 anmeldelser,"55.678513,12.593211",588.5721829126772,45.0,45.0,45.0,,$,1.0
473,Banh Mi,"5,0",478,------1640.-74.,--$---------,34 anmeldelser,"55.69002,12.55938",1914.5956398882572,50.0,50.0,50.0,,$,1.0
474,Ma Poule,"4,5",480,"------16,",--$------,59 anmeldelser,"55.684032,12.569371",1032.607035378769,40.0,45.0,40.0,45.0,$,1.0
475,Mercante,"4,0",476,"------16,,",--$$-$$$---------,82 anmeldelser,"55.679176,12.576468",492.2053663018277,40.0,40.0,45.0,,$$-$$$,2.5
476,Thai Asien,"4,0",472,"------16,",--$---------,81 anmeldelser,"55.6785,12.590357",420.11401611485934,45.0,45.0,40.0,30.0,$,1.0
477,Comedy ZOO Club &amp; Cafe,"4,0",470,"------16,,",--$$-$$$---,86 anmeldelser,"55.6771,12.575503",631.6041664226212,40.0,45.0,45.0,,$$-$$$,2.5
478,Formatcph,"4,5",462,"------16,,,,,",--$$$$---,35 anmeldelser,"55.68125,12.592087",514.9624600664438,45.0,45.0,45.0,,$$$$,4.0
479,Restaurant Nyhavn C,"3,5",457,"------16,,,",--$$-$$$---,231 anmeldelser,"55.68011,12.590128",372.61040562281005,35.0,40.0,40.0,,$$-$$$,2.5
480,Fars Dreng,"4,0",477,------1627.-147.,--$$-$$$------,189 anmeldelser,"55.68137,12.583536",160.21813399602462,40.0,40.0,35.0,,$$-$$$,2.5
481,Hope Organic,"4,5",453,------1627.-127.,--$$-$$$------,30 anmeldelser,"55.678135,12.569726",929.6197858039827,45.0,50.0,45.0,,$$-$$$,2.5
482,Tivoli Hallen,"4,0",465,"------16,,",--$$-$$$---,67 anmeldelser,"55.674545,12.573094",921.2816854356952,45.0,45.0,45.0,,$$-$$$,2.5
483,Vandkunsten sandwich og salat,"4,5",473,------16,--$---------,44 anmeldelser,"55.67625,12.57485",717.3598079512516,45.0,45.0,40.0,,$,1.0
484,Ristorante Ponte Vecchio,"4,0",452,"------16,,",--$$-$$$---------,138 anmeldelser,"55.665615,12.575311",1691.2382499492776,40.0,40.0,40.0,40.0,$$-$$$,2.5
485,Bar'Vin,"4,5",461,"------16,,",--$$-$$$------,90 anmeldelser,"55.6809,12.576274",506.7338053462018,40.0,45.0,45.0,45.0,$$-$$$,2.5
486,Rufino Osteria,"4,5",466,------16100.-248.,--$$-$$$---------,88 anmeldelser,"55.673553,12.589066",777.0067983300116,40.0,40.0,45.0,,$$-$$$,2.5
487,Taverna Kreta,"4,5",468,"------16,",--$---------,52 anmeldelser,"55.693546,12.547899",2729.6643123619087,45.0,45.0,45.0,45.0,$,1.0
488,Bøf &amp; Ost,"3,5",455,"------16,,,",--$$-$$$------,288 anmeldelser,"55.67975,12.575794",526.9365279031051,35.0,40.0,35.0,40.0,$$-$$$,2.5
489,Munchies Copenhagen,"4,0",467,------1620.-67.,--$---,67 anmeldelser,"55.6718,12.592714",1054.7084962070778,40.0,40.0,45.0,,$,1.0
490,Ølbaren,"4,5",454,------1633.-100.,--$$-$$$,43 anmeldelser,"55.68925,12.557728",1953.1136381451786,40.0,35.0,45.0,,$$-$$$,2.5
491,Christianhavns Bådudlejning og Café,"4,0",459,"------16,,,,",--$$-$$$------,91 anmeldelser,"55.67274,12.591215",917.3973278411604,40.0,40.0,40.0,40.0,$$-$$$,2.5
492,The Bird &amp; The Churchkey,"4,0",474,"------16,",--$$-$$$,92 anmeldelser,"55.677597,12.578121",463.44569288077,40.0,45.0,40.0,,$$-$$$,2.5
493,London Pub,"4,0",26,"------16,,,,",--$$-$$$---,100 anmeldelser,"55.68537,12.538145",2948.1099726929747,40.0,45.0,45.0,50.0,$$-$$$,2.5
494,Højbro Sandwich and Cafe,"4,0",494,"------16,,,",--$------,127 anmeldelser,"55.67827,12.58",324.0546846003411,35.0,40.0,40.0,,$,1.0
495,Victoria Pub,"4,0",485,------16,--$$-$$$,60 anmeldelser,"55.67814,12.572069",786.8566536555827,40.0,40.0,40.0,,$$-$$$,2.5
496,1105 Cocktail Bar,"4,5",491,------16,--$$-$$$,73 anmeldelser,"55.68041,12.582109",139.02396084398504,40.0,40.0,45.0,45.0,$$-$$$,2.5
497,Restaurant Meille,"4,0",497,"------16,,",--$$$$---,92 anmeldelser,"55.679,12.568165",1010.4875659971136,40.0,40.0,40.0,,$$$$,4.0
498,Cafe Europa 1989,"3,5",499,------1674.-114.,--$$-$$$------,572 anmeldelser,"55.67871,12.579523",324.7067494487501,30.0,40.0,35.0,40.0,$$-$$$,2.5
499,Tjili Pop,"4,5",489,"------16,,,",--$$-$$$---,51 anmeldelser,"55.686363,12.550196",2246.1781250738563,40.0,35.0,45.0,45.0,$$-$$$,2.5
500,Ambassaden &amp; Konsulatet,"5,0",501,"------16,,",--$$-$$$---,37 anmeldelser,"55.69385,12.583567",1543.1024955147311,50.0,50.0,50.0,,$$-$$$,2.5
501,Blaabjerg &amp; Madsen - Frederiksberg,"4,5",30,------1660.-100.,--$------,39 anmeldelser,"55.687237,12.530319",3472.149774152832,45.0,45.0,40.0,,$,1.0
502,McJoy's Choice,"3,5",486,------16,--$$-$$$---,303 anmeldelser,"55.6798,12.59129",445.6030631516649,35.0,35.0,35.0,40.0,$$-$$$,2.5
503,Rossopomodoro Illum,"3,5",507,------16100.-201.,--$$-$$$---------,293 anmeldelser,"55.679314,12.579861",281.1943830287872,30.0,35.0,40.0,,$$-$$$,2.5
504,Cafe Klods Hans,"4,5",484,"------16,,,,",--$$-$$$------,57 anmeldelser,"55.680546,12.588736",291.983529844402,35.0,40.0,45.0,50.0,$$-$$$,2.5
505,Restaurant Ibu,"4,5",493,------1667.-207.,--$$-$$$------,42 anmeldelser,"55.67266,12.553713",2076.8453565639843,45.0,45.0,45.0,,$$-$$$,2.5
506,Cafe Dyrehaven,"4,0",498,"------16,,,",--$$-$$$------,133 anmeldelser,"55.6655,12.549554",2703.351690136001,40.0,40.0,40.0,45.0,$$-$$$,2.5
507,Mother Wine,"4,5",482,------1667.-201.,--$$-$$$------,28 anmeldelser,"55.681725,12.580275",313.04665083865564,45.0,50.0,45.0,,$$-$$$,2.5
508,Bibendum,"4,0",483,------16127.-301.,--$$-$$$---,120 anmeldelser,"55.683727,12.565407",1249.1236092332595,35.0,35.0,35.0,40.0,$$-$$$,2.5
509,Restaurant Salon,"4,5",502,------16636.-2.643.,--$$$$---,29 anmeldelser,"55.68629,12.591646",843.3719366075923,45.0,45.0,45.0,,$$$$,4.0
510,Bjælkehuset,"4,0",31,"------16,,",--$$-$$$---,83 anmeldelser,"55.667103,12.525375",3955.9699252924092,40.0,45.0,45.0,,$$-$$$,2.5
511,Restaurant MA,"5,0",481,"------16,,,",--$$$$---,20 anmeldelser,"55.682,12.579844",353.28630040718,,,,,$$$$,4.0
512,Ewalds,"4,5",29,------16120.-294.,--$$-$$$------,35 anmeldelser,"55.67762,12.533413",3194.2062922675677,45.0,45.0,45.0,,$$-$$$,2.5
513,Aristo,"4,0",495,------16,--$$-$$$---,189 anmeldelser,"55.6693,12.579115",1229.1241392290715,35.0,40.0,40.0,45.0,$$-$$$,2.5
514,Bang &amp; Jensen,"4,0",492,------16368.-663.,--$$-$$$---,129 anmeldelser,"55.668102,12.549494",2544.8682587984235,45.0,45.0,40.0,45.0,$$-$$$,2.5
515,Midtown Grill,"3,5",487,"------16,,,",--$$-$$$,214 anmeldelser,"55.668472,12.573808",1435.3826522263407,35.0,40.0,40.0,35.0,$$-$$$,2.5
516,The Vietnamese,"4,5",488,------1667.-395.,--$$-$$$---------,66 anmeldelser,"55.686424,12.589339",786.2097587215138,45.0,45.0,45.0,,$$-$$$,2.5
517,GONZO Café og Spisested,"4,5",505,------1674.-141.,--$$-$$$------,35 anmeldelser,"55.692917,12.543839",2909.9119587724877,45.0,45.0,45.0,,$$-$$$,2.5
518,pizzeria Venezia Nyhavn 31,"3,5",506,"------16,,",--$$-$$$---------,335 anmeldelser,"55.68018,12.590051",368.18168390750986,35.0,35.0,35.0,35.0,$$-$$$,2.5
519,Green Island of Copenhagen,"5,0",490,------16,---,24 anmeldelser,"55.667698,12.572271",1556.503031760618,45.0,40.0,45.0,,-,
520,Det simrer,"4,5",504,------1674.-174.,--$$-$$$------,43 anmeldelser,"55.703342,12.58545",2599.2743612864565,45.0,45.0,45.0,,$$-$$$,2.5
521,GROS,"5,0",508,------1613.-100.,--$---,23 anmeldelser,"55.670948,12.546703",2555.86200281684,50.0,50.0,50.0,,$,1.0
522,Skipperkroen,"3,5",503,"------16,,,",--$$-$$$------,717 anmeldelser,"55.680183,12.589831",354.4375093786332,35.0,35.0,35.0,40.0,$$-$$$,2.5
523,Restaurant Nova,"3,0",2062,------1633.-181.,--$$-$$$---------,470 anmeldelser,"55.679108,12.573862",654.6318062646244,30.0,30.0,30.0,35.0,$$-$$$,2.5
524,Charlie Bistro,"4,5",510,------1667.-228.,--$$-$$$---------,41 anmeldelser,"55.67711,12.57562",624.7221146544679,40.0,40.0,40.0,,$$-$$$,2.5
525,Kates Joint,"4,0",539,------1674.-147.,--$---------,78 anmeldelser,"55.68699,12.558856",1769.2178422227796,45.0,45.0,40.0,40.0,$,1.0
526,Mother,"3,5",517,"------16,,",--$$-$$$---------,1.920 anmeldelser,"55.668404,12.557769",2097.716324043189,35.0,40.0,35.0,40.0,$$-$$$,2.5
527,Honen &amp; Aegget,"4,5",520,"------16,,,",------,26 anmeldelser,"55.690468,12.575319",1292.287953842245,,,,,,
528,Forno a Legna,"4,0",516,------1633.-67.,--$------,191 anmeldelser,"55.68242,12.535516",3063.4683407186444,45.0,45.0,35.0,35.0,$,1.0
529,K96,"5,0",524,"------16,,",--$---------,30 anmeldelser,"55.68016,12.577973",390.2510962610698,50.0,50.0,50.0,,$,1.0
530,Comfort Hotel Vesterbro,"3,5",519,------16,--$$-$$$---,143 anmeldelser,"55.672867,12.558938",1769.653804883975,35.0,35.0,35.0,,$$-$$$,2.5
531,Restaurant 108,"3,5",531,------16,--$$-$$$------,632 anmeldelser,"55.677654,12.597989",902.9129614755773,30.0,35.0,40.0,,$$-$$$,2.5
532,Zirup,"3,5",513,"------16,,",--$$-$$$---,287 anmeldelser,"55.677906,12.577209",494.5216236670816,35.0,40.0,35.0,40.0,$$-$$$,2.5
533,Kung Fu 2 Izakaya,"4,0",522,"------16,,,",--$$-$$$---------,103 anmeldelser,"55.688976,12.562633",1681.4442148717346,40.0,40.0,40.0,35.0,$$-$$$,2.5
534,Akropolis,"4,0",538,"------16,,",--$$-$$$---------,38 anmeldelser,"55.684307,12.551451",2108.081986902724,40.0,45.0,45.0,40.0,$$-$$$,2.5
535,WOK Christianshavn,"4,5",537,------1660.-127.,--$$-$$$---------,102 anmeldelser,"55.671906,12.592381",1034.0360639370922,40.0,45.0,40.0,,$$-$$$,2.5
536,Chill-ee,"5,0",523,"------16,,",--$$-$$$------,18 anmeldelser,"55.68086,12.589765",363.0834426431063,,,,,$$-$$$,2.5
537,Hafnia Bar,"4,5",528,------1627.-94.,--$$-$$$------,49 anmeldelser,"55.6819,12.582582",236.3810341551764,40.0,45.0,45.0,,$$-$$$,2.5
538,Tango y Vinos,"4,0",512,------1687.-448.,--$$-$$$------,126 anmeldelser,"55.679058,12.589667",358.3009978393809,40.0,40.0,40.0,45.0,$$-$$$,2.5
539,Spisehuset,"4,5",526,------16201.-348.,--$$-$$$---,38 anmeldelser,"55.669147,12.560713",1901.8475050562236,45.0,50.0,45.0,,$$-$$$,2.5
540,Domhusets Smørrebrød,"4,5",511,"------16,,",--$---,27 anmeldelser,"55.67691,12.572205",825.1401925744058,50.0,50.0,50.0,,$,1.0
541,Il Buco,"4,0",534,------1674.-428.,--$$-$$$---------,93 anmeldelser,"55.66635,12.580439",1533.394670962683,35.0,40.0,40.0,,$$-$$$,2.5
542,Madhus24,"4,0",514,------1667.-228.,--$$-$$$---,54 anmeldelser,"55.73043,12.521971",6831.483617679073,40.0,40.0,40.0,,$$-$$$,2.5
543,Roxie,"4,0",529,------16248.-703.,--$$$$---,47 anmeldelser,"55.678925,12.582686",150.22121125009787,35.0,40.0,40.0,,$$$$,4.0
544,Cafe Baryl,"4,5",536,------1647.-127.,--$$-$$$------,30 anmeldelser,"55.706406,12.583497",2939.095139827081,40.0,45.0,35.0,,$$-$$$,2.5
545,O Tempo,"4,5",525,------16803.-1.673.,--$$-$$$------,47 anmeldelser,"55.69353,12.491707",5989.712150336952,45.0,45.0,40.0,,$$-$$$,2.5
546,DAIZY'S,"4,0",532,------1647.-248.,--$$-$$$---------,68 anmeldelser,"55.68135,12.591488",482.37013280965266,40.0,40.0,40.0,,$$-$$$,2.5
547,Blue Elephant Restaurant,"3,5",530,"------16,",--$$-$$$---------,202 anmeldelser,"55.66734,12.586775",1414.4949935835855,30.0,35.0,35.0,35.0,$$-$$$,2.5
548,Nyhavn Pizzeria,"4,0",533,"------16,,,",--$---------,95 anmeldelser,"55.6806,12.589514",340.93317737363566,45.0,45.0,45.0,40.0,$,1.0
549,Vesterbro Brewery (Burgers and Brewhouse),"3,5",515,"------16,,,",--$$-$$$,108 anmeldelser,"55.675625,12.567056",1178.1748160049935,35.0,35.0,40.0,,$$-$$$,2.5
550,Restaurant Havfruen,"4,0",211,------1694.-495.,--$$-$$$------,390 anmeldelser,"55.680023,12.590597",401.75297734655913,35.0,40.0,40.0,40.0,$$-$$$,2.5
551,Itzi Pitzi Pizza,"4,0",535,------1633.-67.,--$---------,79 anmeldelser,"55.666546,12.553152",2453.1609333062092,45.0,45.0,40.0,40.0,$,1.0
552,The Nomad &amp; The Bean,"5,0",521,------16,--$$-$$$---,20 anmeldelser,"55.6644,12.603381",2109.116422553185,50.0,50.0,50.0,,$$-$$$,2.5
553,Mega Bar,"4,5",518,------1633.-402.,--$$-$$$---,46 anmeldelser,"55.677223,12.57083",891.7963070247512,,,,,$$-$$$,2.5
554,Urten,"4,5",527,------16127.-201.,--$$-$$$---,66 anmeldelser,"55.67863,12.569248",948.6363372210324,40.0,40.0,40.0,,$$-$$$,2.5
555,The Packhouse,"4,5",540,------16201.-803.,--$$-$$$------,26 anmeldelser,"55.672512,12.590291",913.9914860373004,45.0,50.0,50.0,,$$-$$$,2.5
556,Neighbourhood Frederiksborggade,"4,0",560,------16141.-147.,--$$-$$$---------,66 anmeldelser,"55.68383,12.571233",918.3036641329436,40.0,45.0,40.0,,$$-$$$,2.5
557,Jacobsen Brewhouse &amp; Bar,"4,0",546,------1674.-127.,--$$-$$$---,45 anmeldelser,"55.66489,12.529844",3798.3024349630396,40.0,45.0,50.0,,$$-$$$,2.5
558,Fredco's Deli,"4,5",561,"------16,",--$------,47 anmeldelser,"55.681404,12.583322",167.73283026261058,45.0,45.0,45.0,,$,1.0
559,Spaghetteria,"4,0",544,"------16,,",--$$-$$$---------,64 anmeldelser,"55.674793,12.562389",1483.4052051481192,40.0,40.0,45.0,,$$-$$$,2.5
560,Restaurant Menu'en,"4,5",557,"------16,",--$$-$$$---,30 anmeldelser,"55.66185,12.5979",2191.342454725994,45.0,45.0,45.0,,$$-$$$,2.5
561,Dalle Valle,"4,0",565,"------16,,",--$------,63 anmeldelser,"55.676247,12.565972",1215.1345285774155,45.0,40.0,40.0,,$,1.0
562,Ristorante Vesuvio of Copenhagen,"3,5",555,"------16,,",--$$-$$$---------,510 anmeldelser,"55.676743,12.56681",1147.4196558222575,35.0,35.0,35.0,35.0,$$-$$$,2.5
563,Tandoori Masala,"3,5",548,------1687.-167.,--$$-$$$---------,145 anmeldelser,"55.67088,12.56245",1697.4025291657895,35.0,35.0,35.0,35.0,$$-$$$,2.5
564,Fabro,"4,5",568,"------16,",--$,23 anmeldelser,"55.6867,12.58794",783.6683325247648,45.0,45.0,45.0,,$,1.0
565,Gambero Rosso,"4,0",558,"------16,,,",--$$-$$$---------,80 anmeldelser,"55.653812,12.611079",3362.82148790192,40.0,40.0,40.0,40.0,$$-$$$,2.5
566,Cafe Pelikan,"4,0",569,"------16,,",--$$-$$$------,49 anmeldelser,"55.66062,12.604572",2503.3132250349804,40.0,45.0,45.0,35.0,$$-$$$,2.5
567,Bar Uno,"4,5",567,"------16,,",--$$-$$$---------,28 anmeldelser,"55.706604,12.596761",3063.831607910405,45.0,45.0,40.0,,$$-$$$,2.5
568,Restaurant MANGAL,"4,0",550,------1680.-602.,--$$$$---------,69 anmeldelser,"55.667217,12.558681",2138.0871439982143,40.0,40.0,40.0,,$$$$,4.0
569,Pizzeria Luca,"4,5",542,"------16,,",------,28 anmeldelser,"55.677654,12.578364",447.33308377740735,45.0,45.0,40.0,,,
570,Restaurant Turesen,"4,0",570,------16,--$$-$$$,49 anmeldelser,"55.681393,12.564039",1273.0429377000846,40.0,40.0,45.0,45.0,$$-$$$,2.5
571,Seoul,"4,0",547,"------16,,",--$---------,51 anmeldelser,"55.692165,12.483192",6474.312622421234,45.0,45.0,45.0,,$,1.0
572,A Hereford Beefstouw Tivoli,"3,5",562,"------16,,",--$$-$$$------,1.219 anmeldelser,"55.674892,12.565828",1282.5703049886285,30.0,40.0,35.0,35.0,$$-$$$,2.5
573,Parma &amp; Pasta,"5,0",556,------1647.-120.,--$---,21 anmeldelser,"55.644157,12.276364",19713.99439854448,45.0,50.0,50.0,,$,1.0
574,Café Nemoland,"4,0",553,------1687.-167.,--$---,88 anmeldelser,"55.67298,12.600214",1270.7566696301226,40.0,40.0,35.0,45.0,$,1.0
575,Sea by Kiin Kiin,"3,5",554,"------16,",--$$-$$$---------,185 anmeldelser,"55.679214,12.593335",579.6237782232789,35.0,40.0,35.0,,$$-$$$,2.5
576,CaféLoppen,"4,5",551,"------16,",--$$-$$$---------,39 anmeldelser,"55.673588,12.596818",1063.7919030439332,45.0,45.0,40.0,,$$-$$$,2.5
577,L'Altro,"3,5",541,------16402.-1.492.,--$$-$$$---------,248 anmeldelser,"55.671417,12.593397",1113.2316945586842,35.0,40.0,40.0,40.0,$$-$$$,2.5
578,"Restaurant Paafuglen,Tivoli","3,5",545,------1674.-221.,--$$-$$$---,398 anmeldelser,"55.6742,12.56754",1225.6945322741424,35.0,35.0,40.0,35.0,$$-$$$,2.5
579,Bevar's,"4,0",563,------1627.-114.,--$$-$$$---,45 anmeldelser,"55.68847,12.561816",1690.8216067367346,40.0,40.0,40.0,50.0,$$-$$$,2.5
580,Vita Boost Torvehallerne,"4,5",549,------1647.-100.,--$$-$$$------,30 anmeldelser,"55.683765,12.56981",994.9956827724047,40.0,45.0,45.0,,$$-$$$,2.5
581,Papa Ramen,"4,0",566,"------16,,",--$$-$$$---------,91 anmeldelser,"55.676846,12.564869",1260.344245010972,35.0,40.0,40.0,,$$-$$$,2.5
582,Suphan Thai Takeaway,"4,5",552,"------16,",--$---------,41 anmeldelser,"55.68224,12.58275",267.32326642834414,45.0,45.0,45.0,,$,1.0
583,the laundromat cafe,"3,5",559,"------16,,",--$$-$$$------,146 anmeldelser,"55.70612,12.580587",2915.7267188133396,35.0,35.0,35.0,40.0,$$-$$$,2.5
584,NOSE2TAIL - Meatpacker,"4,0",564,------161.338.-3.346.,--$$-$$$---,79 anmeldelser,"55.66866,12.559474",1996.286867482908,35.0,40.0,40.0,,$$-$$$,2.5
585,Wagamama,"3,5",543,"------16,,",--$$-$$$---------,815 anmeldelser,"55.67241,12.568988",1271.3779662263296,35.0,35.0,35.0,30.0,$$-$$$,2.5
586,Nyhavn 17,"3,5",972,------16100.-348.,--$$-$$$---,746 anmeldelser,"55.68054,12.589125",315.70291748323797,30.0,35.0,35.0,40.0,$$-$$$,2.5
587,Café Grabow,"4,5",591,------1667.-100.,--$$-$$$------,26 anmeldelser,"55.67753,12.576107",575.155154512625,45.0,45.0,45.0,,$$-$$$,2.5
588,Mesón España,"4,0",577,"------16,,",--$$-$$$---------,118 anmeldelser,"55.671864,12.557831",1882.8508191231065,40.0,40.0,40.0,35.0,$$-$$$,2.5
589,Veggie Heroes,"4,5",593,"------16,,",--$$-$$$---------,43 anmeldelser,"55.6974,12.573615",2047.5900429907956,45.0,45.0,45.0,,$$-$$$,2.5
590,Olsnedkeren,"4,5",590,------16,--$$-$$$,30 anmeldelser,"55.68592,12.55232",2104.3001078034945,40.0,,45.0,,$$-$$$,2.5
591,Bonjour Vietnam,"4,0",415,------1613.-20.,--$$-$$$------,391 anmeldelser,"55.672768,12.555522",1968.0645954131949,40.0,40.0,40.0,35.0,$$-$$$,2.5
592,Ferment,"4,5",588,------1640.-147.,--$$-$$$---------,69 anmeldelser,"55.678604,12.569442",937.0951034198642,45.0,45.0,45.0,,$$-$$$,2.5
593,Sticks'n'Sushi,"4,0",599,------16248.-549.,--$$-$$$---------,67 anmeldelser,"55.690487,12.575575",1287.3823646151786,40.0,45.0,40.0,35.0,$$-$$$,2.5
594,Kennedy's Irish Bar,"4,5",581,------16,--$$-$$$,32 anmeldelser,"55.67373,12.556",1899.0285141684888,40.0,45.0,45.0,,$$-$$$,2.5
595,Reinh. van Hauen Store Kongensgade,"4,5",586,------1627.-47.,--$------,29 anmeldelser,"55.683292,12.586671",400.09951629734667,45.0,45.0,45.0,,$,1.0
596,Sans Souci Restaurant &amp; Vinstue,"4,0",585,"------16,,,",--$$-$$$---,111 anmeldelser,"55.67627,12.541616",2700.832630049097,35.0,40.0,40.0,40.0,$$-$$$,2.5
